Time,QueueLength,QueueStatus
0.0,0,[]
1.0,0,[]
2.0,0,[]
3.0,0,[]
4.0,0,[]
5.0,0,[]
6.0,0,[]
7.0,0,[]
8.0,0,[]
9.0,0,[]
10.0,0,[]
11.0,0,[]
12.0,0,[]
13.0,1,"[(1, 'Emergence_Patient', 188)]"
13.0,1,"[(1, 'Emergence_Patient', 188)]"
14.0,1,"[(1, 'Emergence_Patient', 188)]"
15.0,1,"[(1, 'Emergence_Patient', 188)]"
16.0,1,"[(1, 'Emergence_Patient', 188)]"
17.0,1,"[(1, 'Emergence_Patient', 188)]"
18.0,1,"[(1, 'Emergence_Patient', 188)]"
19.0,1,"[(1, 'Emergence_Patient', 188)]"
19.4,0,[]
20.0,1,"[(2, 'Emergence_Patient', 547)]"
20.0,1,"[(2, 'Emergence_Patient', 547)]"
20.0,0,[]
21.0,0,[]
22.0,0,[]
23.0,0,[]
24.0,0,[]
25.0,0,[]
26.0,0,[]
27.0,0,[]
28.0,0,[]
29.0,1,"[(3, 'Emergence_Patient', 737)]"
29.0,1,"[(3, 'Emergence_Patient', 737)]"
30.0,1,"[(3, 'Emergence_Patient', 737)]"
31.0,1,"[(3, 'Emergence_Patient', 737)]"
31.6,0,[]
32.0,0,[]
33.0,0,[]
34.0,0,[]
35.0,0,[]
36.0,1,"[(4, 'Emergence_Patient', 113)]"
36.0,1,"[(4, 'Emergence_Patient', 113)]"
37.0,1,"[(4, 'Emergence_Patient', 113)]"
38.0,1,"[(4, 'Emergence_Patient', 113)]"
39.0,1,"[(4, 'Emergence_Patient', 113)]"
40.0,1,"[(4, 'Emergence_Patient', 113)]"
41.0,1,"[(4, 'Emergence_Patient', 113)]"
42.0,1,"[(4, 'Emergence_Patient', 113)]"
43.0,2,"[(4, 'Emergence_Patient', 113), (5, 'Naive_Patient', inf)]"
43.0,2,"[(4, 'Emergence_Patient', 113), (5, 'Naive_Patient', inf)]"
44.0,2,"[(4, 'Emergence_Patient', 113), (5, 'Naive_Patient', inf)]"
45.0,2,"[(4, 'Emergence_Patient', 113), (5, 'Naive_Patient', inf)]"
46.0,2,"[(4, 'Emergence_Patient', 113), (5, 'Naive_Patient', inf)]"
47.0,2,"[(4, 'Emergence_Patient', 113), (5, 'Naive_Patient', inf)]"
48.0,2,"[(4, 'Emergence_Patient', 113), (5, 'Naive_Patient', inf)]"
49.0,2,"[(4, 'Emergence_Patient', 113), (5, 'Naive_Patient', inf)]"
49.8,1,"[(4, 'Emergence_Patient', 113)]"
50.0,1,"[(4, 'Emergence_Patient', 113)]"
51.0,1,"[(4, 'Emergence_Patient', 113)]"
52.0,1,"[(4, 'Emergence_Patient', 113)]"
53.0,1,"[(4, 'Emergence_Patient', 113)]"
54.0,1,"[(4, 'Emergence_Patient', 113)]"
55.0,1,"[(4, 'Emergence_Patient', 113)]"
56.0,2,"[(6, 'Emergence_Patient', 106), (4, 'Emergence_Patient', 113)]"
56.0,2,"[(6, 'Emergence_Patient', 106), (4, 'Emergence_Patient', 113)]"
57.0,2,"[(6, 'Emergence_Patient', 106), (4, 'Emergence_Patient', 113)]"
58.0,2,"[(6, 'Emergence_Patient', 106), (4, 'Emergence_Patient', 113)]"
59.0,2,"[(6, 'Emergence_Patient', 106), (4, 'Emergence_Patient', 113)]"
60.0,2,"[(6, 'Emergence_Patient', 106), (4, 'Emergence_Patient', 113)]"
61.0,2,"[(6, 'Emergence_Patient', 106), (4, 'Emergence_Patient', 113)]"
62.0,2,"[(6, 'Emergence_Patient', 106), (4, 'Emergence_Patient', 113)]"
63.0,2,"[(6, 'Emergence_Patient', 106), (4, 'Emergence_Patient', 113)]"
64.0,2,"[(6, 'Emergence_Patient', 106), (4, 'Emergence_Patient', 113)]"
65.0,2,"[(6, 'Emergence_Patient', 106), (4, 'Emergence_Patient', 113)]"
66.0,3,"[(6, 'Emergence_Patient', 106), (4, 'Emergence_Patient', 113), (7, 'Nylon_Patient', inf)]"
66.0,3,"[(6, 'Emergence_Patient', 106), (4, 'Emergence_Patient', 113), (7, 'Nylon_Patient', inf)]"
66.4,2,"[(6, 'Emergence_Patient', 106), (4, 'Emergence_Patient', 113)]"
67.0,2,"[(6, 'Emergence_Patient', 106), (4, 'Emergence_Patient', 113)]"
68.0,2,"[(6, 'Emergence_Patient', 106), (4, 'Emergence_Patient', 113)]"
69.0,2,"[(6, 'Emergence_Patient', 106), (4, 'Emergence_Patient', 113)]"
70.0,2,"[(6, 'Emergence_Patient', 106), (4, 'Emergence_Patient', 113)]"
71.0,2,"[(6, 'Emergence_Patient', 106), (4, 'Emergence_Patient', 113)]"
72.0,2,"[(6, 'Emergence_Patient', 106), (4, 'Emergence_Patient', 113)]"
73.0,3,"[(6, 'Emergence_Patient', 106), (4, 'Emergence_Patient', 113), (8, 'Emergence_Patient', 576)]"
73.0,3,"[(6, 'Emergence_Patient', 106), (4, 'Emergence_Patient', 113), (8, 'Emergence_Patient', 576)]"
74.0,3,"[(6, 'Emergence_Patient', 106), (4, 'Emergence_Patient', 113), (8, 'Emergence_Patient', 576)]"
74.4,2,"[(6, 'Emergence_Patient', 106), (4, 'Emergence_Patient', 113)]"
75.0,2,"[(6, 'Emergence_Patient', 106), (4, 'Emergence_Patient', 113)]"
76.0,2,"[(6, 'Emergence_Patient', 106), (4, 'Emergence_Patient', 113)]"
77.0,2,"[(6, 'Emergence_Patient', 106), (4, 'Emergence_Patient', 113)]"
78.0,2,"[(6, 'Emergence_Patient', 106), (4, 'Emergence_Patient', 113)]"
79.0,2,"[(6, 'Emergence_Patient', 106), (4, 'Emergence_Patient', 113)]"
80.0,3,"[(6, 'Emergence_Patient', 106), (4, 'Emergence_Patient', 113), (9, 'Naive_Patient', inf)]"
80.0,3,"[(6, 'Emergence_Patient', 106), (4, 'Emergence_Patient', 113), (9, 'Naive_Patient', inf)]"
81.0,3,"[(6, 'Emergence_Patient', 106), (4, 'Emergence_Patient', 113), (9, 'Naive_Patient', inf)]"
82.0,3,"[(6, 'Emergence_Patient', 106), (4, 'Emergence_Patient', 113), (9, 'Naive_Patient', inf)]"
83.0,3,"[(6, 'Emergence_Patient', 106), (4, 'Emergence_Patient', 113), (9, 'Naive_Patient', inf)]"
84.0,3,"[(6, 'Emergence_Patient', 106), (4, 'Emergence_Patient', 113), (9, 'Naive_Patient', inf)]"
84.2,2,"[(6, 'Emergence_Patient', 106), (4, 'Emergence_Patient', 113)]"
85.0,2,"[(6, 'Emergence_Patient', 106), (4, 'Emergence_Patient', 113)]"
86.0,2,"[(6, 'Emergence_Patient', 106), (4, 'Emergence_Patient', 113)]"
87.0,2,"[(6, 'Emergence_Patient', 106), (4, 'Emergence_Patient', 113)]"
88.0,2,"[(6, 'Emergence_Patient', 106), (4, 'Emergence_Patient', 113)]"
89.0,2,"[(6, 'Emergence_Patient', 106), (4, 'Emergence_Patient', 113)]"
90.0,2,"[(6, 'Emergence_Patient', 106), (4, 'Emergence_Patient', 113)]"
91.0,2,"[(6, 'Emergence_Patient', 106), (4, 'Emergence_Patient', 113)]"
92.0,2,"[(6, 'Emergence_Patient', 106), (4, 'Emergence_Patient', 113)]"
93.0,2,"[(6, 'Emergence_Patient', 106), (4, 'Emergence_Patient', 113)]"
94.0,2,"[(6, 'Emergence_Patient', 106), (4, 'Emergence_Patient', 113)]"
95.0,2,"[(6, 'Emergence_Patient', 106), (4, 'Emergence_Patient', 113)]"
96.0,2,"[(6, 'Emergence_Patient', 106), (4, 'Emergence_Patient', 113)]"
97.0,3,"[(6, 'Emergence_Patient', 106), (4, 'Emergence_Patient', 113), (10, 'Emergence_Patient', 204)]"
97.0,3,"[(6, 'Emergence_Patient', 106), (4, 'Emergence_Patient', 113), (10, 'Emergence_Patient', 204)]"
98.0,3,"[(6, 'Emergence_Patient', 106), (4, 'Emergence_Patient', 113), (10, 'Emergence_Patient', 204)]"
99.0,3,"[(6, 'Emergence_Patient', 106), (4, 'Emergence_Patient', 113), (10, 'Emergence_Patient', 204)]"
100.0,3,"[(6, 'Emergence_Patient', 106), (4, 'Emergence_Patient', 113), (10, 'Emergence_Patient', 204)]"
101.0,3,"[(6, 'Emergence_Patient', 106), (4, 'Emergence_Patient', 113), (10, 'Emergence_Patient', 204)]"
102.0,3,"[(6, 'Emergence_Patient', 106), (4, 'Emergence_Patient', 113), (10, 'Emergence_Patient', 204)]"
103.0,3,"[(6, 'Emergence_Patient', 106), (4, 'Emergence_Patient', 113), (10, 'Emergence_Patient', 204)]"
104.0,3,"[(6, 'Emergence_Patient', 106), (4, 'Emergence_Patient', 113), (10, 'Emergence_Patient', 204)]"
105.0,3,"[(6, 'Emergence_Patient', 106), (4, 'Emergence_Patient', 113), (10, 'Emergence_Patient', 204)]"
106.0,3,"[(6, 'Emergence_Patient', 106), (4, 'Emergence_Patient', 113), (10, 'Emergence_Patient', 204)]"
107.0,4,"[(6, 'Emergence_Patient', 106), (4, 'Emergence_Patient', 113), (10, 'Emergence_Patient', 204), (11, 'Naive_Patient', inf)]"
107.0,3,"[(4, 'Emergence_Patient', 113), (11, 'Naive_Patient', inf), (10, 'Emergence_Patient', 204)]"
108.0,3,"[(4, 'Emergence_Patient', 113), (11, 'Naive_Patient', inf), (10, 'Emergence_Patient', 204)]"
108.8,2,"[(4, 'Emergence_Patient', 113), (10, 'Emergence_Patient', 204)]"
109.0,2,"[(4, 'Emergence_Patient', 113), (10, 'Emergence_Patient', 204)]"
110.0,2,"[(4, 'Emergence_Patient', 113), (10, 'Emergence_Patient', 204)]"
111.0,2,"[(4, 'Emergence_Patient', 113), (10, 'Emergence_Patient', 204)]"
112.0,2,"[(4, 'Emergence_Patient', 113), (10, 'Emergence_Patient', 204)]"
113.0,2,"[(4, 'Emergence_Patient', 113), (10, 'Emergence_Patient', 204)]"
114.0,1,"[(10, 'Emergence_Patient', 204)]"
115.0,1,"[(10, 'Emergence_Patient', 204)]"
116.0,1,"[(10, 'Emergence_Patient', 204)]"
117.0,1,"[(10, 'Emergence_Patient', 204)]"
118.0,1,"[(10, 'Emergence_Patient', 204)]"
119.0,2,"[(10, 'Emergence_Patient', 204), (12, 'Naive_Patient', inf)]"
119.0,2,"[(10, 'Emergence_Patient', 204), (12, 'Naive_Patient', inf)]"
120.0,2,"[(10, 'Emergence_Patient', 204), (12, 'Naive_Patient', inf)]"
121.0,2,"[(10, 'Emergence_Patient', 204), (12, 'Naive_Patient', inf)]"
122.0,2,"[(10, 'Emergence_Patient', 204), (12, 'Naive_Patient', inf)]"
123.0,2,"[(10, 'Emergence_Patient', 204), (12, 'Naive_Patient', inf)]"
124.0,2,"[(10, 'Emergence_Patient', 204), (12, 'Naive_Patient', inf)]"
124.2,1,"[(10, 'Emergence_Patient', 204)]"
125.0,1,"[(10, 'Emergence_Patient', 204)]"
126.0,1,"[(10, 'Emergence_Patient', 204)]"
127.0,2,"[(10, 'Emergence_Patient', 204), (13, 'Naive_Patient', inf)]"
127.0,2,"[(10, 'Emergence_Patient', 204), (13, 'Naive_Patient', inf)]"
128.0,2,"[(10, 'Emergence_Patient', 204), (13, 'Naive_Patient', inf)]"
129.0,2,"[(10, 'Emergence_Patient', 204), (13, 'Naive_Patient', inf)]"
130.0,2,"[(10, 'Emergence_Patient', 204), (13, 'Naive_Patient', inf)]"
131.0,1,"[(10, 'Emergence_Patient', 204)]"
131.0,1,"[(10, 'Emergence_Patient', 204)]"
132.0,1,"[(10, 'Emergence_Patient', 204)]"
133.0,1,"[(10, 'Emergence_Patient', 204)]"
134.0,1,"[(10, 'Emergence_Patient', 204)]"
135.0,1,"[(10, 'Emergence_Patient', 204)]"
136.0,1,"[(10, 'Emergence_Patient', 204)]"
137.0,2,"[(10, 'Emergence_Patient', 204), (14, 'Emergence_Patient', 823)]"
137.0,2,"[(10, 'Emergence_Patient', 204), (14, 'Emergence_Patient', 823)]"
138.0,2,"[(10, 'Emergence_Patient', 204), (14, 'Emergence_Patient', 823)]"
138.4,1,"[(10, 'Emergence_Patient', 204)]"
139.0,1,"[(10, 'Emergence_Patient', 204)]"
140.0,1,"[(10, 'Emergence_Patient', 204)]"
141.0,1,"[(10, 'Emergence_Patient', 204)]"
142.0,1,"[(10, 'Emergence_Patient', 204)]"
143.0,1,"[(10, 'Emergence_Patient', 204)]"
144.0,1,"[(10, 'Emergence_Patient', 204)]"
145.0,1,"[(10, 'Emergence_Patient', 204)]"
146.0,1,"[(10, 'Emergence_Patient', 204)]"
147.0,1,"[(10, 'Emergence_Patient', 204)]"
148.0,1,"[(10, 'Emergence_Patient', 204)]"
149.0,1,"[(10, 'Emergence_Patient', 204)]"
150.0,2,"[(10, 'Emergence_Patient', 204), (15, 'Emergence_Patient', 289)]"
150.0,2,"[(10, 'Emergence_Patient', 204), (15, 'Emergence_Patient', 289)]"
151.0,2,"[(10, 'Emergence_Patient', 204), (15, 'Emergence_Patient', 289)]"
152.0,2,"[(10, 'Emergence_Patient', 204), (15, 'Emergence_Patient', 289)]"
153.0,2,"[(10, 'Emergence_Patient', 204), (15, 'Emergence_Patient', 289)]"
154.0,2,"[(10, 'Emergence_Patient', 204), (15, 'Emergence_Patient', 289)]"
155.0,2,"[(10, 'Emergence_Patient', 204), (15, 'Emergence_Patient', 289)]"
156.0,2,"[(10, 'Emergence_Patient', 204), (15, 'Emergence_Patient', 289)]"
157.0,2,"[(10, 'Emergence_Patient', 204), (15, 'Emergence_Patient', 289)]"
158.0,2,"[(10, 'Emergence_Patient', 204), (15, 'Emergence_Patient', 289)]"
158.4,1,"[(10, 'Emergence_Patient', 204)]"
159.0,1,"[(10, 'Emergence_Patient', 204)]"
160.0,1,"[(10, 'Emergence_Patient', 204)]"
161.0,2,"[(10, 'Emergence_Patient', 204), (16, 'Emergence_Patient', 449)]"
161.0,2,"[(10, 'Emergence_Patient', 204), (16, 'Emergence_Patient', 449)]"
162.0,2,"[(10, 'Emergence_Patient', 204), (16, 'Emergence_Patient', 449)]"
163.0,1,"[(10, 'Emergence_Patient', 204)]"
163.0,1,"[(10, 'Emergence_Patient', 204)]"
164.0,1,"[(10, 'Emergence_Patient', 204)]"
165.0,1,"[(10, 'Emergence_Patient', 204)]"
166.0,1,"[(10, 'Emergence_Patient', 204)]"
167.0,1,"[(10, 'Emergence_Patient', 204)]"
168.0,1,"[(10, 'Emergence_Patient', 204)]"
169.0,1,"[(10, 'Emergence_Patient', 204)]"
170.0,2,"[(10, 'Emergence_Patient', 204), (17, 'Emergence_Patient', 353)]"
170.0,2,"[(10, 'Emergence_Patient', 204), (17, 'Emergence_Patient', 353)]"
171.0,2,"[(10, 'Emergence_Patient', 204), (17, 'Emergence_Patient', 353)]"
172.0,2,"[(10, 'Emergence_Patient', 204), (17, 'Emergence_Patient', 353)]"
173.0,2,"[(10, 'Emergence_Patient', 204), (17, 'Emergence_Patient', 353)]"
174.0,2,"[(10, 'Emergence_Patient', 204), (17, 'Emergence_Patient', 353)]"
174.4,1,"[(10, 'Emergence_Patient', 204)]"
175.0,1,"[(10, 'Emergence_Patient', 204)]"
176.0,1,"[(10, 'Emergence_Patient', 204)]"
177.0,1,"[(10, 'Emergence_Patient', 204)]"
178.0,1,"[(10, 'Emergence_Patient', 204)]"
179.0,1,"[(10, 'Emergence_Patient', 204)]"
180.0,1,"[(10, 'Emergence_Patient', 204)]"
181.0,1,"[(10, 'Emergence_Patient', 204)]"
182.0,2,"[(10, 'Emergence_Patient', 204), (18, 'Naive_Patient', inf)]"
182.0,2,"[(10, 'Emergence_Patient', 204), (18, 'Naive_Patient', inf)]"
183.0,2,"[(10, 'Emergence_Patient', 204), (18, 'Naive_Patient', inf)]"
184.0,2,"[(10, 'Emergence_Patient', 204), (18, 'Naive_Patient', inf)]"
185.0,2,"[(10, 'Emergence_Patient', 204), (18, 'Naive_Patient', inf)]"
186.0,2,"[(10, 'Emergence_Patient', 204), (18, 'Naive_Patient', inf)]"
187.0,2,"[(10, 'Emergence_Patient', 204), (18, 'Naive_Patient', inf)]"
188.0,2,"[(10, 'Emergence_Patient', 204), (18, 'Naive_Patient', inf)]"
189.0,1,"[(10, 'Emergence_Patient', 204)]"
189.0,1,"[(10, 'Emergence_Patient', 204)]"
190.0,1,"[(10, 'Emergence_Patient', 204)]"
191.0,1,"[(10, 'Emergence_Patient', 204)]"
192.0,1,"[(10, 'Emergence_Patient', 204)]"
193.0,2,"[(10, 'Emergence_Patient', 204), (19, 'Naive_Patient', inf)]"
193.0,2,"[(10, 'Emergence_Patient', 204), (19, 'Naive_Patient', inf)]"
194.0,2,"[(10, 'Emergence_Patient', 204), (19, 'Naive_Patient', inf)]"
195.0,2,"[(10, 'Emergence_Patient', 204), (19, 'Naive_Patient', inf)]"
196.0,2,"[(10, 'Emergence_Patient', 204), (19, 'Naive_Patient', inf)]"
197.0,2,"[(10, 'Emergence_Patient', 204), (19, 'Naive_Patient', inf)]"
198.0,2,"[(10, 'Emergence_Patient', 204), (19, 'Naive_Patient', inf)]"
199.0,2,"[(10, 'Emergence_Patient', 204), (19, 'Naive_Patient', inf)]"
200.0,2,"[(10, 'Emergence_Patient', 204), (19, 'Naive_Patient', inf)]"
200.8,1,"[(10, 'Emergence_Patient', 204)]"
201.0,1,"[(10, 'Emergence_Patient', 204)]"
202.0,1,"[(10, 'Emergence_Patient', 204)]"
203.0,2,"[(10, 'Emergence_Patient', 204), (20, 'Nylon_Patient', inf)]"
203.0,2,"[(10, 'Emergence_Patient', 204), (20, 'Nylon_Patient', inf)]"
203.2,1,"[(10, 'Emergence_Patient', 204)]"
204.0,1,"[(10, 'Emergence_Patient', 204)]"
205.0,0,[]
206.0,0,[]
207.0,0,[]
208.0,0,[]
209.0,0,[]
210.0,1,"[(21, 'Emergence_Patient', 314)]"
210.0,1,"[(21, 'Emergence_Patient', 314)]"
211.0,1,"[(21, 'Emergence_Patient', 314)]"
212.0,1,"[(21, 'Emergence_Patient', 314)]"
213.0,1,"[(21, 'Emergence_Patient', 314)]"
214.0,1,"[(21, 'Emergence_Patient', 314)]"
215.0,1,"[(21, 'Emergence_Patient', 314)]"
216.0,1,"[(21, 'Emergence_Patient', 314)]"
217.0,1,"[(21, 'Emergence_Patient', 314)]"
218.0,1,"[(21, 'Emergence_Patient', 314)]"
219.0,1,"[(21, 'Emergence_Patient', 314)]"
219.2,0,[]
220.0,0,[]
221.0,0,[]
222.0,1,"[(22, 'Emergence_Patient', 1320)]"
222.0,1,"[(22, 'Emergence_Patient', 1320)]"
223.0,1,"[(22, 'Emergence_Patient', 1320)]"
223.0,0,[]
224.0,0,[]
225.0,0,[]
226.0,0,[]
227.0,0,[]
228.0,0,[]
229.0,1,"[(23, 'Naive_Patient', inf)]"
229.0,1,"[(23, 'Naive_Patient', inf)]"
230.0,1,"[(23, 'Naive_Patient', inf)]"
231.0,1,"[(23, 'Naive_Patient', inf)]"
232.0,1,"[(23, 'Naive_Patient', inf)]"
233.0,1,"[(23, 'Naive_Patient', inf)]"
234.0,1,"[(23, 'Naive_Patient', inf)]"
235.0,1,"[(23, 'Naive_Patient', inf)]"
236.0,2,"[(24, 'Emergence_Patient', 452), (23, 'Naive_Patient', inf)]"
236.0,2,"[(24, 'Emergence_Patient', 452), (23, 'Naive_Patient', inf)]"
236.4,1,"[(24, 'Emergence_Patient', 452)]"
236.8,0,[]
237.0,0,[]
238.0,0,[]
239.0,0,[]
240.0,0,[]
241.0,0,[]
242.0,0,[]
243.0,0,[]
244.0,0,[]
245.0,0,[]
246.0,1,"[(25, 'Emergence_Patient', 286)]"
246.0,1,"[(25, 'Emergence_Patient', 286)]"
246.2,0,[]
247.0,0,[]
248.0,0,[]
249.0,0,[]
250.0,0,[]
251.0,0,[]
252.0,0,[]
253.0,0,[]
254.0,0,[]
255.0,0,[]
256.0,0,[]
257.0,0,[]
258.0,0,[]
259.0,0,[]
260.0,0,[]
261.0,1,"[(26, 'Emergence_Patient', 343)]"
261.0,1,"[(26, 'Emergence_Patient', 343)]"
262.0,1,"[(26, 'Emergence_Patient', 343)]"
263.0,1,"[(26, 'Emergence_Patient', 343)]"
264.0,1,"[(26, 'Emergence_Patient', 343)]"
265.0,1,"[(26, 'Emergence_Patient', 343)]"
266.0,2,"[(26, 'Emergence_Patient', 343), (27, 'Emergence_Patient', 760)]"
266.0,2,"[(26, 'Emergence_Patient', 343), (27, 'Emergence_Patient', 760)]"
267.0,2,"[(26, 'Emergence_Patient', 343), (27, 'Emergence_Patient', 760)]"
268.0,2,"[(26, 'Emergence_Patient', 343), (27, 'Emergence_Patient', 760)]"
269.0,2,"[(26, 'Emergence_Patient', 343), (27, 'Emergence_Patient', 760)]"
270.0,3,"[(26, 'Emergence_Patient', 343), (27, 'Emergence_Patient', 760), (28, 'Emergence_Patient', 577)]"
270.0,3,"[(26, 'Emergence_Patient', 343), (27, 'Emergence_Patient', 760), (28, 'Emergence_Patient', 577)]"
271.0,3,"[(26, 'Emergence_Patient', 343), (27, 'Emergence_Patient', 760), (28, 'Emergence_Patient', 577)]"
272.0,3,"[(26, 'Emergence_Patient', 343), (27, 'Emergence_Patient', 760), (28, 'Emergence_Patient', 577)]"
273.0,3,"[(26, 'Emergence_Patient', 343), (27, 'Emergence_Patient', 760), (28, 'Emergence_Patient', 577)]"
274.0,3,"[(26, 'Emergence_Patient', 343), (27, 'Emergence_Patient', 760), (28, 'Emergence_Patient', 577)]"
275.0,3,"[(26, 'Emergence_Patient', 343), (27, 'Emergence_Patient', 760), (28, 'Emergence_Patient', 577)]"
276.0,3,"[(26, 'Emergence_Patient', 343), (27, 'Emergence_Patient', 760), (28, 'Emergence_Patient', 577)]"
277.0,3,"[(26, 'Emergence_Patient', 343), (27, 'Emergence_Patient', 760), (28, 'Emergence_Patient', 577)]"
278.0,3,"[(26, 'Emergence_Patient', 343), (27, 'Emergence_Patient', 760), (28, 'Emergence_Patient', 577)]"
279.0,3,"[(26, 'Emergence_Patient', 343), (27, 'Emergence_Patient', 760), (28, 'Emergence_Patient', 577)]"
280.0,2,"[(26, 'Emergence_Patient', 343), (27, 'Emergence_Patient', 760)]"
280.0,2,"[(26, 'Emergence_Patient', 343), (27, 'Emergence_Patient', 760)]"
281.0,2,"[(26, 'Emergence_Patient', 343), (27, 'Emergence_Patient', 760)]"
282.0,3,"[(29, 'Emergence_Patient', 318), (27, 'Emergence_Patient', 760), (26, 'Emergence_Patient', 343)]"
282.0,3,"[(29, 'Emergence_Patient', 318), (27, 'Emergence_Patient', 760), (26, 'Emergence_Patient', 343)]"
282.2,2,"[(26, 'Emergence_Patient', 343), (27, 'Emergence_Patient', 760)]"
283.0,2,"[(26, 'Emergence_Patient', 343), (27, 'Emergence_Patient', 760)]"
284.0,2,"[(26, 'Emergence_Patient', 343), (27, 'Emergence_Patient', 760)]"
285.0,2,"[(26, 'Emergence_Patient', 343), (27, 'Emergence_Patient', 760)]"
286.0,2,"[(26, 'Emergence_Patient', 343), (27, 'Emergence_Patient', 760)]"
287.0,2,"[(26, 'Emergence_Patient', 343), (27, 'Emergence_Patient', 760)]"
288.0,2,"[(26, 'Emergence_Patient', 343), (27, 'Emergence_Patient', 760)]"
289.0,2,"[(26, 'Emergence_Patient', 343), (27, 'Emergence_Patient', 760)]"
290.0,2,"[(26, 'Emergence_Patient', 343), (27, 'Emergence_Patient', 760)]"
291.0,2,"[(26, 'Emergence_Patient', 343), (27, 'Emergence_Patient', 760)]"
292.0,2,"[(26, 'Emergence_Patient', 343), (27, 'Emergence_Patient', 760)]"
293.0,2,"[(26, 'Emergence_Patient', 343), (27, 'Emergence_Patient', 760)]"
294.0,2,"[(26, 'Emergence_Patient', 343), (27, 'Emergence_Patient', 760)]"
295.0,2,"[(26, 'Emergence_Patient', 343), (27, 'Emergence_Patient', 760)]"
296.0,2,"[(26, 'Emergence_Patient', 343), (27, 'Emergence_Patient', 760)]"
297.0,2,"[(26, 'Emergence_Patient', 343), (27, 'Emergence_Patient', 760)]"
298.0,3,"[(30, 'Emergence_Patient', 305), (27, 'Emergence_Patient', 760), (26, 'Emergence_Patient', 343)]"
298.0,3,"[(30, 'Emergence_Patient', 305), (27, 'Emergence_Patient', 760), (26, 'Emergence_Patient', 343)]"
299.0,3,"[(30, 'Emergence_Patient', 305), (27, 'Emergence_Patient', 760), (26, 'Emergence_Patient', 343)]"
299.6,2,"[(26, 'Emergence_Patient', 343), (27, 'Emergence_Patient', 760)]"
300.0,2,"[(26, 'Emergence_Patient', 343), (27, 'Emergence_Patient', 760)]"
301.0,2,"[(26, 'Emergence_Patient', 343), (27, 'Emergence_Patient', 760)]"
302.0,2,"[(26, 'Emergence_Patient', 343), (27, 'Emergence_Patient', 760)]"
303.0,2,"[(26, 'Emergence_Patient', 343), (27, 'Emergence_Patient', 760)]"
304.0,2,"[(26, 'Emergence_Patient', 343), (27, 'Emergence_Patient', 760)]"
305.0,2,"[(26, 'Emergence_Patient', 343), (27, 'Emergence_Patient', 760)]"
306.0,2,"[(26, 'Emergence_Patient', 343), (27, 'Emergence_Patient', 760)]"
307.0,2,"[(26, 'Emergence_Patient', 343), (27, 'Emergence_Patient', 760)]"
308.0,2,"[(26, 'Emergence_Patient', 343), (27, 'Emergence_Patient', 760)]"
309.0,2,"[(26, 'Emergence_Patient', 343), (27, 'Emergence_Patient', 760)]"
310.0,3,"[(26, 'Emergence_Patient', 343), (27, 'Emergence_Patient', 760), (31, 'Emergence_Patient', 664)]"
310.0,3,"[(26, 'Emergence_Patient', 343), (27, 'Emergence_Patient', 760), (31, 'Emergence_Patient', 664)]"
311.0,3,"[(26, 'Emergence_Patient', 343), (27, 'Emergence_Patient', 760), (31, 'Emergence_Patient', 664)]"
312.0,3,"[(26, 'Emergence_Patient', 343), (27, 'Emergence_Patient', 760), (31, 'Emergence_Patient', 664)]"
313.0,3,"[(26, 'Emergence_Patient', 343), (27, 'Emergence_Patient', 760), (31, 'Emergence_Patient', 664)]"
314.0,3,"[(26, 'Emergence_Patient', 343), (27, 'Emergence_Patient', 760), (31, 'Emergence_Patient', 664)]"
315.0,3,"[(26, 'Emergence_Patient', 343), (27, 'Emergence_Patient', 760), (31, 'Emergence_Patient', 664)]"
315.2,2,"[(26, 'Emergence_Patient', 343), (27, 'Emergence_Patient', 760)]"
316.0,2,"[(26, 'Emergence_Patient', 343), (27, 'Emergence_Patient', 760)]"
317.0,2,"[(26, 'Emergence_Patient', 343), (27, 'Emergence_Patient', 760)]"
318.0,2,"[(26, 'Emergence_Patient', 343), (27, 'Emergence_Patient', 760)]"
319.0,3,"[(26, 'Emergence_Patient', 343), (27, 'Emergence_Patient', 760), (32, 'Emergence_Patient', 491)]"
319.0,3,"[(26, 'Emergence_Patient', 343), (27, 'Emergence_Patient', 760), (32, 'Emergence_Patient', 491)]"
320.0,3,"[(26, 'Emergence_Patient', 343), (27, 'Emergence_Patient', 760), (32, 'Emergence_Patient', 491)]"
321.0,3,"[(26, 'Emergence_Patient', 343), (27, 'Emergence_Patient', 760), (32, 'Emergence_Patient', 491)]"
322.0,3,"[(26, 'Emergence_Patient', 343), (27, 'Emergence_Patient', 760), (32, 'Emergence_Patient', 491)]"
323.0,3,"[(26, 'Emergence_Patient', 343), (27, 'Emergence_Patient', 760), (32, 'Emergence_Patient', 491)]"
324.0,2,"[(26, 'Emergence_Patient', 343), (27, 'Emergence_Patient', 760)]"
324.0,2,"[(26, 'Emergence_Patient', 343), (27, 'Emergence_Patient', 760)]"
325.0,2,"[(26, 'Emergence_Patient', 343), (27, 'Emergence_Patient', 760)]"
326.0,2,"[(26, 'Emergence_Patient', 343), (27, 'Emergence_Patient', 760)]"
327.0,2,"[(26, 'Emergence_Patient', 343), (27, 'Emergence_Patient', 760)]"
328.0,2,"[(26, 'Emergence_Patient', 343), (27, 'Emergence_Patient', 760)]"
329.0,2,"[(26, 'Emergence_Patient', 343), (27, 'Emergence_Patient', 760)]"
330.0,3,"[(26, 'Emergence_Patient', 343), (27, 'Emergence_Patient', 760), (33, 'Emergence_Patient', 421)]"
330.0,3,"[(26, 'Emergence_Patient', 343), (27, 'Emergence_Patient', 760), (33, 'Emergence_Patient', 421)]"
331.0,3,"[(26, 'Emergence_Patient', 343), (27, 'Emergence_Patient', 760), (33, 'Emergence_Patient', 421)]"
331.6,2,"[(26, 'Emergence_Patient', 343), (27, 'Emergence_Patient', 760)]"
332.0,2,"[(26, 'Emergence_Patient', 343), (27, 'Emergence_Patient', 760)]"
333.0,2,"[(26, 'Emergence_Patient', 343), (27, 'Emergence_Patient', 760)]"
334.0,2,"[(26, 'Emergence_Patient', 343), (27, 'Emergence_Patient', 760)]"
335.0,2,"[(26, 'Emergence_Patient', 343), (27, 'Emergence_Patient', 760)]"
336.0,2,"[(26, 'Emergence_Patient', 343), (27, 'Emergence_Patient', 760)]"
337.0,2,"[(26, 'Emergence_Patient', 343), (27, 'Emergence_Patient', 760)]"
338.0,2,"[(26, 'Emergence_Patient', 343), (27, 'Emergence_Patient', 760)]"
339.0,2,"[(26, 'Emergence_Patient', 343), (27, 'Emergence_Patient', 760)]"
340.0,3,"[(26, 'Emergence_Patient', 343), (27, 'Emergence_Patient', 760), (34, 'Naive_Patient', inf)]"
340.0,3,"[(26, 'Emergence_Patient', 343), (27, 'Emergence_Patient', 760), (34, 'Naive_Patient', inf)]"
341.0,3,"[(26, 'Emergence_Patient', 343), (27, 'Emergence_Patient', 760), (34, 'Naive_Patient', inf)]"
342.0,3,"[(26, 'Emergence_Patient', 343), (27, 'Emergence_Patient', 760), (34, 'Naive_Patient', inf)]"
343.0,2,"[(26, 'Emergence_Patient', 343), (27, 'Emergence_Patient', 760)]"
343.0,2,"[(26, 'Emergence_Patient', 343), (27, 'Emergence_Patient', 760)]"
344.0,1,"[(27, 'Emergence_Patient', 760)]"
345.0,1,"[(27, 'Emergence_Patient', 760)]"
346.0,1,"[(27, 'Emergence_Patient', 760)]"
347.0,1,"[(27, 'Emergence_Patient', 760)]"
348.0,1,"[(27, 'Emergence_Patient', 760)]"
349.0,1,"[(27, 'Emergence_Patient', 760)]"
350.0,2,"[(35, 'Emergence_Patient', 498), (27, 'Emergence_Patient', 760)]"
350.0,2,"[(35, 'Emergence_Patient', 498), (27, 'Emergence_Patient', 760)]"
351.0,2,"[(35, 'Emergence_Patient', 498), (27, 'Emergence_Patient', 760)]"
352.0,2,"[(35, 'Emergence_Patient', 498), (27, 'Emergence_Patient', 760)]"
353.0,2,"[(35, 'Emergence_Patient', 498), (27, 'Emergence_Patient', 760)]"
354.0,2,"[(35, 'Emergence_Patient', 498), (27, 'Emergence_Patient', 760)]"
355.0,2,"[(35, 'Emergence_Patient', 498), (27, 'Emergence_Patient', 760)]"
356.0,2,"[(35, 'Emergence_Patient', 498), (27, 'Emergence_Patient', 760)]"
357.0,2,"[(35, 'Emergence_Patient', 498), (27, 'Emergence_Patient', 760)]"
358.0,3,"[(36, 'Emergence_Patient', 482), (27, 'Emergence_Patient', 760), (35, 'Emergence_Patient', 498)]"
358.0,3,"[(36, 'Emergence_Patient', 482), (27, 'Emergence_Patient', 760), (35, 'Emergence_Patient', 498)]"
359.0,3,"[(36, 'Emergence_Patient', 482), (27, 'Emergence_Patient', 760), (35, 'Emergence_Patient', 498)]"
359.6,2,"[(35, 'Emergence_Patient', 498), (27, 'Emergence_Patient', 760)]"
360.0,2,"[(35, 'Emergence_Patient', 498), (27, 'Emergence_Patient', 760)]"
361.0,2,"[(35, 'Emergence_Patient', 498), (27, 'Emergence_Patient', 760)]"
362.0,2,"[(35, 'Emergence_Patient', 498), (27, 'Emergence_Patient', 760)]"
363.0,2,"[(35, 'Emergence_Patient', 498), (27, 'Emergence_Patient', 760)]"
364.0,2,"[(35, 'Emergence_Patient', 498), (27, 'Emergence_Patient', 760)]"
365.0,2,"[(35, 'Emergence_Patient', 498), (27, 'Emergence_Patient', 760)]"
366.0,2,"[(35, 'Emergence_Patient', 498), (27, 'Emergence_Patient', 760)]"
367.0,2,"[(35, 'Emergence_Patient', 498), (27, 'Emergence_Patient', 760)]"
368.0,2,"[(35, 'Emergence_Patient', 498), (27, 'Emergence_Patient', 760)]"
369.0,2,"[(35, 'Emergence_Patient', 498), (27, 'Emergence_Patient', 760)]"
370.0,2,"[(35, 'Emergence_Patient', 498), (27, 'Emergence_Patient', 760)]"
371.0,2,"[(35, 'Emergence_Patient', 498), (27, 'Emergence_Patient', 760)]"
372.0,2,"[(35, 'Emergence_Patient', 498), (27, 'Emergence_Patient', 760)]"
373.0,2,"[(35, 'Emergence_Patient', 498), (27, 'Emergence_Patient', 760)]"
374.0,2,"[(35, 'Emergence_Patient', 498), (27, 'Emergence_Patient', 760)]"
375.0,3,"[(35, 'Emergence_Patient', 498), (27, 'Emergence_Patient', 760), (37, 'Emergence_Patient', 862)]"
375.0,3,"[(35, 'Emergence_Patient', 498), (27, 'Emergence_Patient', 760), (37, 'Emergence_Patient', 862)]"
376.0,3,"[(35, 'Emergence_Patient', 498), (27, 'Emergence_Patient', 760), (37, 'Emergence_Patient', 862)]"
377.0,3,"[(35, 'Emergence_Patient', 498), (27, 'Emergence_Patient', 760), (37, 'Emergence_Patient', 862)]"
378.0,3,"[(35, 'Emergence_Patient', 498), (27, 'Emergence_Patient', 760), (37, 'Emergence_Patient', 862)]"
379.0,3,"[(35, 'Emergence_Patient', 498), (27, 'Emergence_Patient', 760), (37, 'Emergence_Patient', 862)]"
380.0,3,"[(35, 'Emergence_Patient', 498), (27, 'Emergence_Patient', 760), (37, 'Emergence_Patient', 862)]"
381.0,3,"[(35, 'Emergence_Patient', 498), (27, 'Emergence_Patient', 760), (37, 'Emergence_Patient', 862)]"
381.8,2,"[(35, 'Emergence_Patient', 498), (27, 'Emergence_Patient', 760)]"
382.0,2,"[(35, 'Emergence_Patient', 498), (27, 'Emergence_Patient', 760)]"
383.0,2,"[(35, 'Emergence_Patient', 498), (27, 'Emergence_Patient', 760)]"
384.0,2,"[(35, 'Emergence_Patient', 498), (27, 'Emergence_Patient', 760)]"
385.0,2,"[(35, 'Emergence_Patient', 498), (27, 'Emergence_Patient', 760)]"
386.0,3,"[(35, 'Emergence_Patient', 498), (27, 'Emergence_Patient', 760), (38, 'Emergence_Patient', 543)]"
386.0,3,"[(35, 'Emergence_Patient', 498), (27, 'Emergence_Patient', 760), (38, 'Emergence_Patient', 543)]"
387.0,3,"[(35, 'Emergence_Patient', 498), (27, 'Emergence_Patient', 760), (38, 'Emergence_Patient', 543)]"
388.0,3,"[(35, 'Emergence_Patient', 498), (27, 'Emergence_Patient', 760), (38, 'Emergence_Patient', 543)]"
388.2,2,"[(35, 'Emergence_Patient', 498), (27, 'Emergence_Patient', 760)]"
389.0,2,"[(35, 'Emergence_Patient', 498), (27, 'Emergence_Patient', 760)]"
390.0,2,"[(35, 'Emergence_Patient', 498), (27, 'Emergence_Patient', 760)]"
391.0,2,"[(35, 'Emergence_Patient', 498), (27, 'Emergence_Patient', 760)]"
392.0,2,"[(35, 'Emergence_Patient', 498), (27, 'Emergence_Patient', 760)]"
393.0,2,"[(35, 'Emergence_Patient', 498), (27, 'Emergence_Patient', 760)]"
394.0,2,"[(35, 'Emergence_Patient', 498), (27, 'Emergence_Patient', 760)]"
395.0,2,"[(35, 'Emergence_Patient', 498), (27, 'Emergence_Patient', 760)]"
396.0,2,"[(35, 'Emergence_Patient', 498), (27, 'Emergence_Patient', 760)]"
397.0,2,"[(35, 'Emergence_Patient', 498), (27, 'Emergence_Patient', 760)]"
398.0,2,"[(35, 'Emergence_Patient', 498), (27, 'Emergence_Patient', 760)]"
399.0,2,"[(35, 'Emergence_Patient', 498), (27, 'Emergence_Patient', 760)]"
400.0,3,"[(35, 'Emergence_Patient', 498), (27, 'Emergence_Patient', 760), (39, 'Emergence_Patient', 870)]"
400.0,3,"[(35, 'Emergence_Patient', 498), (27, 'Emergence_Patient', 760), (39, 'Emergence_Patient', 870)]"
401.0,3,"[(35, 'Emergence_Patient', 498), (27, 'Emergence_Patient', 760), (39, 'Emergence_Patient', 870)]"
402.0,3,"[(35, 'Emergence_Patient', 498), (27, 'Emergence_Patient', 760), (39, 'Emergence_Patient', 870)]"
403.0,3,"[(35, 'Emergence_Patient', 498), (27, 'Emergence_Patient', 760), (39, 'Emergence_Patient', 870)]"
404.0,2,"[(35, 'Emergence_Patient', 498), (27, 'Emergence_Patient', 760)]"
404.0,2,"[(35, 'Emergence_Patient', 498), (27, 'Emergence_Patient', 760)]"
405.0,2,"[(35, 'Emergence_Patient', 498), (27, 'Emergence_Patient', 760)]"
406.0,2,"[(35, 'Emergence_Patient', 498), (27, 'Emergence_Patient', 760)]"
407.0,2,"[(35, 'Emergence_Patient', 498), (27, 'Emergence_Patient', 760)]"
408.0,2,"[(35, 'Emergence_Patient', 498), (27, 'Emergence_Patient', 760)]"
409.0,2,"[(35, 'Emergence_Patient', 498), (27, 'Emergence_Patient', 760)]"
410.0,2,"[(35, 'Emergence_Patient', 498), (27, 'Emergence_Patient', 760)]"
411.0,2,"[(35, 'Emergence_Patient', 498), (27, 'Emergence_Patient', 760)]"
412.0,2,"[(35, 'Emergence_Patient', 498), (27, 'Emergence_Patient', 760)]"
413.0,2,"[(35, 'Emergence_Patient', 498), (27, 'Emergence_Patient', 760)]"
414.0,2,"[(35, 'Emergence_Patient', 498), (27, 'Emergence_Patient', 760)]"
415.0,3,"[(35, 'Emergence_Patient', 498), (27, 'Emergence_Patient', 760), (40, 'Emergence_Patient', 567)]"
415.0,3,"[(35, 'Emergence_Patient', 498), (27, 'Emergence_Patient', 760), (40, 'Emergence_Patient', 567)]"
416.0,3,"[(35, 'Emergence_Patient', 498), (27, 'Emergence_Patient', 760), (40, 'Emergence_Patient', 567)]"
417.0,3,"[(35, 'Emergence_Patient', 498), (27, 'Emergence_Patient', 760), (40, 'Emergence_Patient', 567)]"
418.0,3,"[(35, 'Emergence_Patient', 498), (27, 'Emergence_Patient', 760), (40, 'Emergence_Patient', 567)]"
419.0,3,"[(35, 'Emergence_Patient', 498), (27, 'Emergence_Patient', 760), (40, 'Emergence_Patient', 567)]"
420.0,3,"[(35, 'Emergence_Patient', 498), (27, 'Emergence_Patient', 760), (40, 'Emergence_Patient', 567)]"
420.8,2,"[(35, 'Emergence_Patient', 498), (27, 'Emergence_Patient', 760)]"
421.0,2,"[(35, 'Emergence_Patient', 498), (27, 'Emergence_Patient', 760)]"
422.0,2,"[(35, 'Emergence_Patient', 498), (27, 'Emergence_Patient', 760)]"
423.0,3,"[(35, 'Emergence_Patient', 498), (27, 'Emergence_Patient', 760), (41, 'Naive_Patient', inf)]"
423.0,3,"[(35, 'Emergence_Patient', 498), (27, 'Emergence_Patient', 760), (41, 'Naive_Patient', inf)]"
424.0,3,"[(35, 'Emergence_Patient', 498), (27, 'Emergence_Patient', 760), (41, 'Naive_Patient', inf)]"
425.0,3,"[(35, 'Emergence_Patient', 498), (27, 'Emergence_Patient', 760), (41, 'Naive_Patient', inf)]"
426.0,3,"[(35, 'Emergence_Patient', 498), (27, 'Emergence_Patient', 760), (41, 'Naive_Patient', inf)]"
427.0,3,"[(35, 'Emergence_Patient', 498), (27, 'Emergence_Patient', 760), (41, 'Naive_Patient', inf)]"
428.0,3,"[(35, 'Emergence_Patient', 498), (27, 'Emergence_Patient', 760), (41, 'Naive_Patient', inf)]"
429.0,4,"[(42, 'Emergence_Patient', 449), (35, 'Emergence_Patient', 498), (41, 'Naive_Patient', inf), (27, 'Emergence_Patient', 760)]"
429.0,4,"[(42, 'Emergence_Patient', 449), (35, 'Emergence_Patient', 498), (41, 'Naive_Patient', inf), (27, 'Emergence_Patient', 760)]"
430.0,4,"[(42, 'Emergence_Patient', 449), (35, 'Emergence_Patient', 498), (41, 'Naive_Patient', inf), (27, 'Emergence_Patient', 760)]"
430.8,3,"[(42, 'Emergence_Patient', 449), (35, 'Emergence_Patient', 498), (27, 'Emergence_Patient', 760)]"
431.0,3,"[(42, 'Emergence_Patient', 449), (35, 'Emergence_Patient', 498), (27, 'Emergence_Patient', 760)]"
432.0,3,"[(42, 'Emergence_Patient', 449), (35, 'Emergence_Patient', 498), (27, 'Emergence_Patient', 760)]"
433.0,3,"[(42, 'Emergence_Patient', 449), (35, 'Emergence_Patient', 498), (27, 'Emergence_Patient', 760)]"
434.0,3,"[(42, 'Emergence_Patient', 449), (35, 'Emergence_Patient', 498), (27, 'Emergence_Patient', 760)]"
435.0,3,"[(42, 'Emergence_Patient', 449), (35, 'Emergence_Patient', 498), (27, 'Emergence_Patient', 760)]"
436.0,3,"[(42, 'Emergence_Patient', 449), (35, 'Emergence_Patient', 498), (27, 'Emergence_Patient', 760)]"
437.0,3,"[(42, 'Emergence_Patient', 449), (35, 'Emergence_Patient', 498), (27, 'Emergence_Patient', 760)]"
437.4,2,"[(35, 'Emergence_Patient', 498), (27, 'Emergence_Patient', 760)]"
438.0,2,"[(35, 'Emergence_Patient', 498), (27, 'Emergence_Patient', 760)]"
439.0,3,"[(43, 'Emergence_Patient', 462), (27, 'Emergence_Patient', 760), (35, 'Emergence_Patient', 498)]"
439.0,3,"[(43, 'Emergence_Patient', 462), (27, 'Emergence_Patient', 760), (35, 'Emergence_Patient', 498)]"
440.0,3,"[(43, 'Emergence_Patient', 462), (27, 'Emergence_Patient', 760), (35, 'Emergence_Patient', 498)]"
440.6,2,"[(35, 'Emergence_Patient', 498), (27, 'Emergence_Patient', 760)]"
441.0,2,"[(35, 'Emergence_Patient', 498), (27, 'Emergence_Patient', 760)]"
442.0,2,"[(35, 'Emergence_Patient', 498), (27, 'Emergence_Patient', 760)]"
443.0,2,"[(35, 'Emergence_Patient', 498), (27, 'Emergence_Patient', 760)]"
444.0,2,"[(35, 'Emergence_Patient', 498), (27, 'Emergence_Patient', 760)]"
445.0,2,"[(35, 'Emergence_Patient', 498), (27, 'Emergence_Patient', 760)]"
446.0,2,"[(35, 'Emergence_Patient', 498), (27, 'Emergence_Patient', 760)]"
447.0,2,"[(35, 'Emergence_Patient', 498), (27, 'Emergence_Patient', 760)]"
448.0,2,"[(35, 'Emergence_Patient', 498), (27, 'Emergence_Patient', 760)]"
449.0,2,"[(35, 'Emergence_Patient', 498), (27, 'Emergence_Patient', 760)]"
450.0,2,"[(35, 'Emergence_Patient', 498), (27, 'Emergence_Patient', 760)]"
451.0,3,"[(44, 'Emergence_Patient', 474), (27, 'Emergence_Patient', 760), (35, 'Emergence_Patient', 498)]"
451.0,3,"[(44, 'Emergence_Patient', 474), (27, 'Emergence_Patient', 760), (35, 'Emergence_Patient', 498)]"
452.0,3,"[(44, 'Emergence_Patient', 474), (27, 'Emergence_Patient', 760), (35, 'Emergence_Patient', 498)]"
453.0,3,"[(44, 'Emergence_Patient', 474), (27, 'Emergence_Patient', 760), (35, 'Emergence_Patient', 498)]"
454.0,3,"[(44, 'Emergence_Patient', 474), (27, 'Emergence_Patient', 760), (35, 'Emergence_Patient', 498)]"
454.6,2,"[(35, 'Emergence_Patient', 498), (27, 'Emergence_Patient', 760)]"
455.0,2,"[(35, 'Emergence_Patient', 498), (27, 'Emergence_Patient', 760)]"
456.0,2,"[(35, 'Emergence_Patient', 498), (27, 'Emergence_Patient', 760)]"
457.0,2,"[(35, 'Emergence_Patient', 498), (27, 'Emergence_Patient', 760)]"
458.0,2,"[(35, 'Emergence_Patient', 498), (27, 'Emergence_Patient', 760)]"
459.0,2,"[(35, 'Emergence_Patient', 498), (27, 'Emergence_Patient', 760)]"
460.0,2,"[(35, 'Emergence_Patient', 498), (27, 'Emergence_Patient', 760)]"
461.0,3,"[(35, 'Emergence_Patient', 498), (27, 'Emergence_Patient', 760), (45, 'Emergence_Patient', 562)]"
461.0,3,"[(35, 'Emergence_Patient', 498), (27, 'Emergence_Patient', 760), (45, 'Emergence_Patient', 562)]"
462.0,3,"[(35, 'Emergence_Patient', 498), (27, 'Emergence_Patient', 760), (45, 'Emergence_Patient', 562)]"
463.0,3,"[(35, 'Emergence_Patient', 498), (27, 'Emergence_Patient', 760), (45, 'Emergence_Patient', 562)]"
464.0,3,"[(35, 'Emergence_Patient', 498), (27, 'Emergence_Patient', 760), (45, 'Emergence_Patient', 562)]"
464.8,2,"[(35, 'Emergence_Patient', 498), (27, 'Emergence_Patient', 760)]"
465.0,2,"[(35, 'Emergence_Patient', 498), (27, 'Emergence_Patient', 760)]"
466.0,2,"[(35, 'Emergence_Patient', 498), (27, 'Emergence_Patient', 760)]"
467.0,2,"[(35, 'Emergence_Patient', 498), (27, 'Emergence_Patient', 760)]"
468.0,2,"[(35, 'Emergence_Patient', 498), (27, 'Emergence_Patient', 760)]"
469.0,2,"[(35, 'Emergence_Patient', 498), (27, 'Emergence_Patient', 760)]"
470.0,3,"[(35, 'Emergence_Patient', 498), (27, 'Emergence_Patient', 760), (46, 'Naive_Patient', inf)]"
470.0,3,"[(35, 'Emergence_Patient', 498), (27, 'Emergence_Patient', 760), (46, 'Naive_Patient', inf)]"
471.0,3,"[(35, 'Emergence_Patient', 498), (27, 'Emergence_Patient', 760), (46, 'Naive_Patient', inf)]"
472.0,3,"[(35, 'Emergence_Patient', 498), (27, 'Emergence_Patient', 760), (46, 'Naive_Patient', inf)]"
473.0,3,"[(35, 'Emergence_Patient', 498), (27, 'Emergence_Patient', 760), (46, 'Naive_Patient', inf)]"
474.0,3,"[(35, 'Emergence_Patient', 498), (27, 'Emergence_Patient', 760), (46, 'Naive_Patient', inf)]"
475.0,3,"[(35, 'Emergence_Patient', 498), (27, 'Emergence_Patient', 760), (46, 'Naive_Patient', inf)]"
476.0,3,"[(35, 'Emergence_Patient', 498), (27, 'Emergence_Patient', 760), (46, 'Naive_Patient', inf)]"
476.2,2,"[(35, 'Emergence_Patient', 498), (27, 'Emergence_Patient', 760)]"
477.0,3,"[(35, 'Emergence_Patient', 498), (27, 'Emergence_Patient', 760), (47, 'Naive_Patient', inf)]"
477.0,3,"[(35, 'Emergence_Patient', 498), (27, 'Emergence_Patient', 760), (47, 'Naive_Patient', inf)]"
478.0,3,"[(35, 'Emergence_Patient', 498), (27, 'Emergence_Patient', 760), (47, 'Naive_Patient', inf)]"
479.0,3,"[(35, 'Emergence_Patient', 498), (27, 'Emergence_Patient', 760), (47, 'Naive_Patient', inf)]"
480.0,3,"[(35, 'Emergence_Patient', 498), (27, 'Emergence_Patient', 760), (47, 'Naive_Patient', inf)]"
481.0,3,"[(35, 'Emergence_Patient', 498), (27, 'Emergence_Patient', 760), (47, 'Naive_Patient', inf)]"
481.4,2,"[(35, 'Emergence_Patient', 498), (27, 'Emergence_Patient', 760)]"
482.0,2,"[(35, 'Emergence_Patient', 498), (27, 'Emergence_Patient', 760)]"
483.0,2,"[(35, 'Emergence_Patient', 498), (27, 'Emergence_Patient', 760)]"
484.0,2,"[(35, 'Emergence_Patient', 498), (27, 'Emergence_Patient', 760)]"
485.0,2,"[(35, 'Emergence_Patient', 498), (27, 'Emergence_Patient', 760)]"
486.0,2,"[(35, 'Emergence_Patient', 498), (27, 'Emergence_Patient', 760)]"
487.0,3,"[(35, 'Emergence_Patient', 498), (27, 'Emergence_Patient', 760), (48, 'Naive_Patient', inf)]"
487.0,3,"[(35, 'Emergence_Patient', 498), (27, 'Emergence_Patient', 760), (48, 'Naive_Patient', inf)]"
488.0,3,"[(35, 'Emergence_Patient', 498), (27, 'Emergence_Patient', 760), (48, 'Naive_Patient', inf)]"
489.0,3,"[(35, 'Emergence_Patient', 498), (27, 'Emergence_Patient', 760), (48, 'Naive_Patient', inf)]"
490.0,3,"[(35, 'Emergence_Patient', 498), (27, 'Emergence_Patient', 760), (48, 'Naive_Patient', inf)]"
491.0,3,"[(35, 'Emergence_Patient', 498), (27, 'Emergence_Patient', 760), (48, 'Naive_Patient', inf)]"
492.0,3,"[(35, 'Emergence_Patient', 498), (27, 'Emergence_Patient', 760), (48, 'Naive_Patient', inf)]"
493.0,3,"[(35, 'Emergence_Patient', 498), (27, 'Emergence_Patient', 760), (48, 'Naive_Patient', inf)]"
493.6,2,"[(35, 'Emergence_Patient', 498), (27, 'Emergence_Patient', 760)]"
494.0,2,"[(35, 'Emergence_Patient', 498), (27, 'Emergence_Patient', 760)]"
495.0,2,"[(35, 'Emergence_Patient', 498), (27, 'Emergence_Patient', 760)]"
496.0,2,"[(35, 'Emergence_Patient', 498), (27, 'Emergence_Patient', 760)]"
497.0,2,"[(35, 'Emergence_Patient', 498), (27, 'Emergence_Patient', 760)]"
498.0,2,"[(35, 'Emergence_Patient', 498), (27, 'Emergence_Patient', 760)]"
499.0,1,"[(27, 'Emergence_Patient', 760)]"
500.0,2,"[(49, 'Emergence_Patient', 629), (27, 'Emergence_Patient', 760)]"
500.0,2,"[(49, 'Emergence_Patient', 629), (27, 'Emergence_Patient', 760)]"
501.0,2,"[(49, 'Emergence_Patient', 629), (27, 'Emergence_Patient', 760)]"
502.0,2,"[(49, 'Emergence_Patient', 629), (27, 'Emergence_Patient', 760)]"
503.0,2,"[(49, 'Emergence_Patient', 629), (27, 'Emergence_Patient', 760)]"
504.0,2,"[(49, 'Emergence_Patient', 629), (27, 'Emergence_Patient', 760)]"
505.0,2,"[(49, 'Emergence_Patient', 629), (27, 'Emergence_Patient', 760)]"
506.0,2,"[(49, 'Emergence_Patient', 629), (27, 'Emergence_Patient', 760)]"
507.0,2,"[(49, 'Emergence_Patient', 629), (27, 'Emergence_Patient', 760)]"
507.8,1,"[(27, 'Emergence_Patient', 760)]"
508.0,1,"[(27, 'Emergence_Patient', 760)]"
509.0,1,"[(27, 'Emergence_Patient', 760)]"
510.0,1,"[(27, 'Emergence_Patient', 760)]"
511.0,1,"[(27, 'Emergence_Patient', 760)]"
512.0,2,"[(27, 'Emergence_Patient', 760), (50, 'Naive_Patient', inf)]"
512.0,2,"[(27, 'Emergence_Patient', 760), (50, 'Naive_Patient', inf)]"
513.0,2,"[(27, 'Emergence_Patient', 760), (50, 'Naive_Patient', inf)]"
514.0,2,"[(27, 'Emergence_Patient', 760), (50, 'Naive_Patient', inf)]"
515.0,2,"[(27, 'Emergence_Patient', 760), (50, 'Naive_Patient', inf)]"
516.0,2,"[(27, 'Emergence_Patient', 760), (50, 'Naive_Patient', inf)]"
517.0,2,"[(27, 'Emergence_Patient', 760), (50, 'Naive_Patient', inf)]"
518.0,2,"[(27, 'Emergence_Patient', 760), (50, 'Naive_Patient', inf)]"
519.0,2,"[(27, 'Emergence_Patient', 760), (50, 'Naive_Patient', inf)]"
520.0,2,"[(27, 'Emergence_Patient', 760), (50, 'Naive_Patient', inf)]"
520.4,1,"[(27, 'Emergence_Patient', 760)]"
521.0,1,"[(27, 'Emergence_Patient', 760)]"
522.0,1,"[(27, 'Emergence_Patient', 760)]"
523.0,1,"[(27, 'Emergence_Patient', 760)]"
524.0,1,"[(27, 'Emergence_Patient', 760)]"
525.0,1,"[(27, 'Emergence_Patient', 760)]"
526.0,2,"[(51, 'Emergence_Patient', 537), (27, 'Emergence_Patient', 760)]"
526.0,2,"[(51, 'Emergence_Patient', 537), (27, 'Emergence_Patient', 760)]"
526.2,1,"[(27, 'Emergence_Patient', 760)]"
527.0,1,"[(27, 'Emergence_Patient', 760)]"
528.0,1,"[(27, 'Emergence_Patient', 760)]"
529.0,1,"[(27, 'Emergence_Patient', 760)]"
530.0,1,"[(27, 'Emergence_Patient', 760)]"
531.0,1,"[(27, 'Emergence_Patient', 760)]"
532.0,1,"[(27, 'Emergence_Patient', 760)]"
533.0,1,"[(27, 'Emergence_Patient', 760)]"
534.0,1,"[(27, 'Emergence_Patient', 760)]"
535.0,1,"[(27, 'Emergence_Patient', 760)]"
536.0,1,"[(27, 'Emergence_Patient', 760)]"
537.0,1,"[(27, 'Emergence_Patient', 760)]"
538.0,2,"[(52, 'Emergence_Patient', 577), (27, 'Emergence_Patient', 760)]"
538.0,2,"[(52, 'Emergence_Patient', 577), (27, 'Emergence_Patient', 760)]"
539.0,2,"[(52, 'Emergence_Patient', 577), (27, 'Emergence_Patient', 760)]"
540.0,2,"[(52, 'Emergence_Patient', 577), (27, 'Emergence_Patient', 760)]"
541.0,2,"[(52, 'Emergence_Patient', 577), (27, 'Emergence_Patient', 760)]"
542.0,2,"[(52, 'Emergence_Patient', 577), (27, 'Emergence_Patient', 760)]"
543.0,2,"[(52, 'Emergence_Patient', 577), (27, 'Emergence_Patient', 760)]"
544.0,2,"[(52, 'Emergence_Patient', 577), (27, 'Emergence_Patient', 760)]"
545.0,3,"[(52, 'Emergence_Patient', 577), (27, 'Emergence_Patient', 760), (53, 'Emergence_Patient', 964)]"
545.0,3,"[(52, 'Emergence_Patient', 577), (27, 'Emergence_Patient', 760), (53, 'Emergence_Patient', 964)]"
546.0,3,"[(52, 'Emergence_Patient', 577), (27, 'Emergence_Patient', 760), (53, 'Emergence_Patient', 964)]"
546.4,2,"[(27, 'Emergence_Patient', 760), (53, 'Emergence_Patient', 964)]"
547.0,2,"[(27, 'Emergence_Patient', 760), (53, 'Emergence_Patient', 964)]"
548.0,2,"[(27, 'Emergence_Patient', 760), (53, 'Emergence_Patient', 964)]"
549.0,2,"[(27, 'Emergence_Patient', 760), (53, 'Emergence_Patient', 964)]"
550.0,2,"[(27, 'Emergence_Patient', 760), (53, 'Emergence_Patient', 964)]"
551.0,2,"[(27, 'Emergence_Patient', 760), (53, 'Emergence_Patient', 964)]"
552.0,2,"[(27, 'Emergence_Patient', 760), (53, 'Emergence_Patient', 964)]"
553.0,1,"[(27, 'Emergence_Patient', 760)]"
553.0,1,"[(27, 'Emergence_Patient', 760)]"
554.0,1,"[(27, 'Emergence_Patient', 760)]"
555.0,2,"[(54, 'Emergence_Patient', 604), (27, 'Emergence_Patient', 760)]"
555.0,2,"[(54, 'Emergence_Patient', 604), (27, 'Emergence_Patient', 760)]"
556.0,2,"[(54, 'Emergence_Patient', 604), (27, 'Emergence_Patient', 760)]"
557.0,2,"[(54, 'Emergence_Patient', 604), (27, 'Emergence_Patient', 760)]"
558.0,2,"[(54, 'Emergence_Patient', 604), (27, 'Emergence_Patient', 760)]"
559.0,2,"[(54, 'Emergence_Patient', 604), (27, 'Emergence_Patient', 760)]"
559.6,1,"[(27, 'Emergence_Patient', 760)]"
560.0,2,"[(55, 'Emergence_Patient', 598), (27, 'Emergence_Patient', 760)]"
560.0,2,"[(55, 'Emergence_Patient', 598), (27, 'Emergence_Patient', 760)]"
560.2,1,"[(27, 'Emergence_Patient', 760)]"
561.0,1,"[(27, 'Emergence_Patient', 760)]"
562.0,1,"[(27, 'Emergence_Patient', 760)]"
563.0,1,"[(27, 'Emergence_Patient', 760)]"
564.0,1,"[(27, 'Emergence_Patient', 760)]"
565.0,1,"[(27, 'Emergence_Patient', 760)]"
566.0,1,"[(27, 'Emergence_Patient', 760)]"
567.0,1,"[(27, 'Emergence_Patient', 760)]"
568.0,1,"[(27, 'Emergence_Patient', 760)]"
569.0,1,"[(27, 'Emergence_Patient', 760)]"
570.0,1,"[(27, 'Emergence_Patient', 760)]"
571.0,1,"[(27, 'Emergence_Patient', 760)]"
572.0,1,"[(27, 'Emergence_Patient', 760)]"
573.0,1,"[(27, 'Emergence_Patient', 760)]"
574.0,1,"[(27, 'Emergence_Patient', 760)]"
575.0,1,"[(27, 'Emergence_Patient', 760)]"
576.0,1,"[(27, 'Emergence_Patient', 760)]"
577.0,2,"[(56, 'Emergence_Patient', 612), (27, 'Emergence_Patient', 760)]"
577.0,2,"[(56, 'Emergence_Patient', 612), (27, 'Emergence_Patient', 760)]"
578.0,2,"[(56, 'Emergence_Patient', 612), (27, 'Emergence_Patient', 760)]"
578.6,1,"[(27, 'Emergence_Patient', 760)]"
579.0,1,"[(27, 'Emergence_Patient', 760)]"
580.0,1,"[(27, 'Emergence_Patient', 760)]"
581.0,1,"[(27, 'Emergence_Patient', 760)]"
582.0,1,"[(27, 'Emergence_Patient', 760)]"
583.0,1,"[(27, 'Emergence_Patient', 760)]"
584.0,1,"[(27, 'Emergence_Patient', 760)]"
585.0,1,"[(27, 'Emergence_Patient', 760)]"
586.0,1,"[(27, 'Emergence_Patient', 760)]"
587.0,1,"[(27, 'Emergence_Patient', 760)]"
588.0,1,"[(27, 'Emergence_Patient', 760)]"
589.0,1,"[(27, 'Emergence_Patient', 760)]"
590.0,1,"[(27, 'Emergence_Patient', 760)]"
591.0,1,"[(27, 'Emergence_Patient', 760)]"
592.0,1,"[(27, 'Emergence_Patient', 760)]"
593.0,1,"[(27, 'Emergence_Patient', 760)]"
594.0,2,"[(57, 'Emergence_Patient', 676), (27, 'Emergence_Patient', 760)]"
594.0,2,"[(57, 'Emergence_Patient', 676), (27, 'Emergence_Patient', 760)]"
595.0,2,"[(57, 'Emergence_Patient', 676), (27, 'Emergence_Patient', 760)]"
596.0,2,"[(57, 'Emergence_Patient', 676), (27, 'Emergence_Patient', 760)]"
597.0,2,"[(57, 'Emergence_Patient', 676), (27, 'Emergence_Patient', 760)]"
597.8,1,"[(27, 'Emergence_Patient', 760)]"
598.0,1,"[(27, 'Emergence_Patient', 760)]"
599.0,1,"[(27, 'Emergence_Patient', 760)]"
600.0,1,"[(27, 'Emergence_Patient', 760)]"
601.0,1,"[(27, 'Emergence_Patient', 760)]"
602.0,1,"[(27, 'Emergence_Patient', 760)]"
603.0,1,"[(27, 'Emergence_Patient', 760)]"
604.0,2,"[(27, 'Emergence_Patient', 760), (58, 'Nylon_Patient', inf)]"
604.0,2,"[(27, 'Emergence_Patient', 760), (58, 'Nylon_Patient', inf)]"
604.2,1,"[(27, 'Emergence_Patient', 760)]"
605.0,1,"[(27, 'Emergence_Patient', 760)]"
606.0,1,"[(27, 'Emergence_Patient', 760)]"
607.0,1,"[(27, 'Emergence_Patient', 760)]"
608.0,1,"[(27, 'Emergence_Patient', 760)]"
609.0,1,"[(27, 'Emergence_Patient', 760)]"
610.0,1,"[(27, 'Emergence_Patient', 760)]"
611.0,1,"[(27, 'Emergence_Patient', 760)]"
612.0,1,"[(27, 'Emergence_Patient', 760)]"
613.0,1,"[(27, 'Emergence_Patient', 760)]"
614.0,1,"[(27, 'Emergence_Patient', 760)]"
615.0,1,"[(27, 'Emergence_Patient', 760)]"
616.0,1,"[(27, 'Emergence_Patient', 760)]"
617.0,1,"[(27, 'Emergence_Patient', 760)]"
618.0,1,"[(27, 'Emergence_Patient', 760)]"
619.0,1,"[(27, 'Emergence_Patient', 760)]"
620.0,1,"[(27, 'Emergence_Patient', 760)]"
621.0,1,"[(27, 'Emergence_Patient', 760)]"
622.0,2,"[(27, 'Emergence_Patient', 760), (59, 'Emergence_Patient', 788)]"
622.0,2,"[(27, 'Emergence_Patient', 760), (59, 'Emergence_Patient', 788)]"
623.0,2,"[(27, 'Emergence_Patient', 760), (59, 'Emergence_Patient', 788)]"
624.0,2,"[(27, 'Emergence_Patient', 760), (59, 'Emergence_Patient', 788)]"
625.0,2,"[(27, 'Emergence_Patient', 760), (59, 'Emergence_Patient', 788)]"
626.0,2,"[(27, 'Emergence_Patient', 760), (59, 'Emergence_Patient', 788)]"
627.0,2,"[(27, 'Emergence_Patient', 760), (59, 'Emergence_Patient', 788)]"
628.0,2,"[(27, 'Emergence_Patient', 760), (59, 'Emergence_Patient', 788)]"
629.0,2,"[(27, 'Emergence_Patient', 760), (59, 'Emergence_Patient', 788)]"
630.0,2,"[(27, 'Emergence_Patient', 760), (59, 'Emergence_Patient', 788)]"
631.0,2,"[(27, 'Emergence_Patient', 760), (59, 'Emergence_Patient', 788)]"
632.0,2,"[(27, 'Emergence_Patient', 760), (59, 'Emergence_Patient', 788)]"
633.0,3,"[(27, 'Emergence_Patient', 760), (59, 'Emergence_Patient', 788), (60, 'Nylon_Patient', inf)]"
633.0,3,"[(27, 'Emergence_Patient', 760), (59, 'Emergence_Patient', 788), (60, 'Nylon_Patient', inf)]"
634.0,3,"[(27, 'Emergence_Patient', 760), (59, 'Emergence_Patient', 788), (60, 'Nylon_Patient', inf)]"
635.0,2,"[(27, 'Emergence_Patient', 760), (59, 'Emergence_Patient', 788)]"
635.0,2,"[(27, 'Emergence_Patient', 760), (59, 'Emergence_Patient', 788)]"
636.0,2,"[(27, 'Emergence_Patient', 760), (59, 'Emergence_Patient', 788)]"
637.0,2,"[(27, 'Emergence_Patient', 760), (59, 'Emergence_Patient', 788)]"
638.0,2,"[(27, 'Emergence_Patient', 760), (59, 'Emergence_Patient', 788)]"
639.0,2,"[(27, 'Emergence_Patient', 760), (59, 'Emergence_Patient', 788)]"
640.0,2,"[(27, 'Emergence_Patient', 760), (59, 'Emergence_Patient', 788)]"
641.0,2,"[(27, 'Emergence_Patient', 760), (59, 'Emergence_Patient', 788)]"
642.0,2,"[(27, 'Emergence_Patient', 760), (59, 'Emergence_Patient', 788)]"
643.0,3,"[(27, 'Emergence_Patient', 760), (59, 'Emergence_Patient', 788), (61, 'Naive_Patient', inf)]"
643.0,3,"[(27, 'Emergence_Patient', 760), (59, 'Emergence_Patient', 788), (61, 'Naive_Patient', inf)]"
644.0,3,"[(27, 'Emergence_Patient', 760), (59, 'Emergence_Patient', 788), (61, 'Naive_Patient', inf)]"
645.0,3,"[(27, 'Emergence_Patient', 760), (59, 'Emergence_Patient', 788), (61, 'Naive_Patient', inf)]"
646.0,3,"[(27, 'Emergence_Patient', 760), (59, 'Emergence_Patient', 788), (61, 'Naive_Patient', inf)]"
647.0,3,"[(27, 'Emergence_Patient', 760), (59, 'Emergence_Patient', 788), (61, 'Naive_Patient', inf)]"
648.0,3,"[(27, 'Emergence_Patient', 760), (59, 'Emergence_Patient', 788), (61, 'Naive_Patient', inf)]"
648.4,2,"[(27, 'Emergence_Patient', 760), (59, 'Emergence_Patient', 788)]"
649.0,2,"[(27, 'Emergence_Patient', 760), (59, 'Emergence_Patient', 788)]"
650.0,2,"[(27, 'Emergence_Patient', 760), (59, 'Emergence_Patient', 788)]"
651.0,2,"[(27, 'Emergence_Patient', 760), (59, 'Emergence_Patient', 788)]"
652.0,2,"[(27, 'Emergence_Patient', 760), (59, 'Emergence_Patient', 788)]"
653.0,2,"[(27, 'Emergence_Patient', 760), (59, 'Emergence_Patient', 788)]"
654.0,2,"[(27, 'Emergence_Patient', 760), (59, 'Emergence_Patient', 788)]"
655.0,2,"[(27, 'Emergence_Patient', 760), (59, 'Emergence_Patient', 788)]"
656.0,2,"[(27, 'Emergence_Patient', 760), (59, 'Emergence_Patient', 788)]"
657.0,2,"[(27, 'Emergence_Patient', 760), (59, 'Emergence_Patient', 788)]"
658.0,3,"[(62, 'Emergence_Patient', 673), (59, 'Emergence_Patient', 788), (27, 'Emergence_Patient', 760)]"
658.0,3,"[(62, 'Emergence_Patient', 673), (59, 'Emergence_Patient', 788), (27, 'Emergence_Patient', 760)]"
659.0,3,"[(62, 'Emergence_Patient', 673), (59, 'Emergence_Patient', 788), (27, 'Emergence_Patient', 760)]"
660.0,3,"[(62, 'Emergence_Patient', 673), (59, 'Emergence_Patient', 788), (27, 'Emergence_Patient', 760)]"
660.8,2,"[(27, 'Emergence_Patient', 760), (59, 'Emergence_Patient', 788)]"
661.0,2,"[(27, 'Emergence_Patient', 760), (59, 'Emergence_Patient', 788)]"
662.0,2,"[(27, 'Emergence_Patient', 760), (59, 'Emergence_Patient', 788)]"
663.0,2,"[(27, 'Emergence_Patient', 760), (59, 'Emergence_Patient', 788)]"
664.0,2,"[(27, 'Emergence_Patient', 760), (59, 'Emergence_Patient', 788)]"
665.0,2,"[(27, 'Emergence_Patient', 760), (59, 'Emergence_Patient', 788)]"
666.0,2,"[(27, 'Emergence_Patient', 760), (59, 'Emergence_Patient', 788)]"
667.0,2,"[(27, 'Emergence_Patient', 760), (59, 'Emergence_Patient', 788)]"
668.0,3,"[(63, 'Emergence_Patient', 718), (59, 'Emergence_Patient', 788), (27, 'Emergence_Patient', 760)]"
668.0,3,"[(63, 'Emergence_Patient', 718), (59, 'Emergence_Patient', 788), (27, 'Emergence_Patient', 760)]"
669.0,3,"[(63, 'Emergence_Patient', 718), (59, 'Emergence_Patient', 788), (27, 'Emergence_Patient', 760)]"
670.0,3,"[(63, 'Emergence_Patient', 718), (59, 'Emergence_Patient', 788), (27, 'Emergence_Patient', 760)]"
671.0,3,"[(63, 'Emergence_Patient', 718), (59, 'Emergence_Patient', 788), (27, 'Emergence_Patient', 760)]"
672.0,3,"[(63, 'Emergence_Patient', 718), (59, 'Emergence_Patient', 788), (27, 'Emergence_Patient', 760)]"
673.0,3,"[(63, 'Emergence_Patient', 718), (59, 'Emergence_Patient', 788), (27, 'Emergence_Patient', 760)]"
673.4,2,"[(27, 'Emergence_Patient', 760), (59, 'Emergence_Patient', 788)]"
674.0,2,"[(27, 'Emergence_Patient', 760), (59, 'Emergence_Patient', 788)]"
675.0,3,"[(27, 'Emergence_Patient', 760), (59, 'Emergence_Patient', 788), (64, 'Emergence_Patient', 868)]"
675.0,3,"[(27, 'Emergence_Patient', 760), (59, 'Emergence_Patient', 788), (64, 'Emergence_Patient', 868)]"
676.0,3,"[(27, 'Emergence_Patient', 760), (59, 'Emergence_Patient', 788), (64, 'Emergence_Patient', 868)]"
676.4,2,"[(27, 'Emergence_Patient', 760), (59, 'Emergence_Patient', 788)]"
677.0,2,"[(27, 'Emergence_Patient', 760), (59, 'Emergence_Patient', 788)]"
678.0,2,"[(27, 'Emergence_Patient', 760), (59, 'Emergence_Patient', 788)]"
679.0,2,"[(27, 'Emergence_Patient', 760), (59, 'Emergence_Patient', 788)]"
680.0,2,"[(27, 'Emergence_Patient', 760), (59, 'Emergence_Patient', 788)]"
681.0,2,"[(27, 'Emergence_Patient', 760), (59, 'Emergence_Patient', 788)]"
682.0,2,"[(27, 'Emergence_Patient', 760), (59, 'Emergence_Patient', 788)]"
683.0,2,"[(27, 'Emergence_Patient', 760), (59, 'Emergence_Patient', 788)]"
684.0,2,"[(27, 'Emergence_Patient', 760), (59, 'Emergence_Patient', 788)]"
685.0,3,"[(27, 'Emergence_Patient', 760), (59, 'Emergence_Patient', 788), (65, 'Emergence_Patient', 1091)]"
685.0,3,"[(27, 'Emergence_Patient', 760), (59, 'Emergence_Patient', 788), (65, 'Emergence_Patient', 1091)]"
686.0,3,"[(27, 'Emergence_Patient', 760), (59, 'Emergence_Patient', 788), (65, 'Emergence_Patient', 1091)]"
686.0,2,"[(27, 'Emergence_Patient', 760), (59, 'Emergence_Patient', 788)]"
687.0,2,"[(27, 'Emergence_Patient', 760), (59, 'Emergence_Patient', 788)]"
688.0,2,"[(27, 'Emergence_Patient', 760), (59, 'Emergence_Patient', 788)]"
689.0,2,"[(27, 'Emergence_Patient', 760), (59, 'Emergence_Patient', 788)]"
690.0,2,"[(27, 'Emergence_Patient', 760), (59, 'Emergence_Patient', 788)]"
691.0,2,"[(27, 'Emergence_Patient', 760), (59, 'Emergence_Patient', 788)]"
692.0,2,"[(27, 'Emergence_Patient', 760), (59, 'Emergence_Patient', 788)]"
693.0,2,"[(27, 'Emergence_Patient', 760), (59, 'Emergence_Patient', 788)]"
694.0,2,"[(27, 'Emergence_Patient', 760), (59, 'Emergence_Patient', 788)]"
695.0,2,"[(27, 'Emergence_Patient', 760), (59, 'Emergence_Patient', 788)]"
696.0,2,"[(27, 'Emergence_Patient', 760), (59, 'Emergence_Patient', 788)]"
697.0,2,"[(27, 'Emergence_Patient', 760), (59, 'Emergence_Patient', 788)]"
698.0,2,"[(27, 'Emergence_Patient', 760), (59, 'Emergence_Patient', 788)]"
699.0,2,"[(27, 'Emergence_Patient', 760), (59, 'Emergence_Patient', 788)]"
700.0,2,"[(27, 'Emergence_Patient', 760), (59, 'Emergence_Patient', 788)]"
701.0,3,"[(27, 'Emergence_Patient', 760), (59, 'Emergence_Patient', 788), (66, 'Emergence_Patient', 966)]"
701.0,3,"[(27, 'Emergence_Patient', 760), (59, 'Emergence_Patient', 788), (66, 'Emergence_Patient', 966)]"
701.2,2,"[(27, 'Emergence_Patient', 760), (59, 'Emergence_Patient', 788)]"
702.0,2,"[(27, 'Emergence_Patient', 760), (59, 'Emergence_Patient', 788)]"
703.0,2,"[(27, 'Emergence_Patient', 760), (59, 'Emergence_Patient', 788)]"
704.0,2,"[(27, 'Emergence_Patient', 760), (59, 'Emergence_Patient', 788)]"
705.0,2,"[(27, 'Emergence_Patient', 760), (59, 'Emergence_Patient', 788)]"
706.0,2,"[(27, 'Emergence_Patient', 760), (59, 'Emergence_Patient', 788)]"
707.0,2,"[(27, 'Emergence_Patient', 760), (59, 'Emergence_Patient', 788)]"
708.0,2,"[(27, 'Emergence_Patient', 760), (59, 'Emergence_Patient', 788)]"
709.0,2,"[(27, 'Emergence_Patient', 760), (59, 'Emergence_Patient', 788)]"
710.0,2,"[(27, 'Emergence_Patient', 760), (59, 'Emergence_Patient', 788)]"
711.0,2,"[(27, 'Emergence_Patient', 760), (59, 'Emergence_Patient', 788)]"
712.0,2,"[(27, 'Emergence_Patient', 760), (59, 'Emergence_Patient', 788)]"
713.0,2,"[(27, 'Emergence_Patient', 760), (59, 'Emergence_Patient', 788)]"
714.0,3,"[(27, 'Emergence_Patient', 760), (59, 'Emergence_Patient', 788), (67, 'Emergence_Patient', 787)]"
714.0,3,"[(27, 'Emergence_Patient', 760), (59, 'Emergence_Patient', 788), (67, 'Emergence_Patient', 787)]"
715.0,3,"[(27, 'Emergence_Patient', 760), (59, 'Emergence_Patient', 788), (67, 'Emergence_Patient', 787)]"
716.0,3,"[(27, 'Emergence_Patient', 760), (59, 'Emergence_Patient', 788), (67, 'Emergence_Patient', 787)]"
717.0,3,"[(27, 'Emergence_Patient', 760), (59, 'Emergence_Patient', 788), (67, 'Emergence_Patient', 787)]"
718.0,3,"[(27, 'Emergence_Patient', 760), (59, 'Emergence_Patient', 788), (67, 'Emergence_Patient', 787)]"
719.0,3,"[(27, 'Emergence_Patient', 760), (59, 'Emergence_Patient', 788), (67, 'Emergence_Patient', 787)]"
720.0,3,"[(27, 'Emergence_Patient', 760), (59, 'Emergence_Patient', 788), (67, 'Emergence_Patient', 787)]"
721.0,3,"[(27, 'Emergence_Patient', 760), (59, 'Emergence_Patient', 788), (67, 'Emergence_Patient', 787)]"
722.0,3,"[(27, 'Emergence_Patient', 760), (59, 'Emergence_Patient', 788), (67, 'Emergence_Patient', 787)]"
723.0,3,"[(27, 'Emergence_Patient', 760), (59, 'Emergence_Patient', 788), (67, 'Emergence_Patient', 787)]"
724.0,4,"[(27, 'Emergence_Patient', 760), (59, 'Emergence_Patient', 788), (67, 'Emergence_Patient', 787), (68, 'Emergence_Patient', 870)]"
724.0,4,"[(27, 'Emergence_Patient', 760), (59, 'Emergence_Patient', 788), (67, 'Emergence_Patient', 787), (68, 'Emergence_Patient', 870)]"
725.0,4,"[(27, 'Emergence_Patient', 760), (59, 'Emergence_Patient', 788), (67, 'Emergence_Patient', 787), (68, 'Emergence_Patient', 870)]"
726.0,4,"[(27, 'Emergence_Patient', 760), (59, 'Emergence_Patient', 788), (67, 'Emergence_Patient', 787), (68, 'Emergence_Patient', 870)]"
727.0,4,"[(27, 'Emergence_Patient', 760), (59, 'Emergence_Patient', 788), (67, 'Emergence_Patient', 787), (68, 'Emergence_Patient', 870)]"
728.0,4,"[(27, 'Emergence_Patient', 760), (59, 'Emergence_Patient', 788), (67, 'Emergence_Patient', 787), (68, 'Emergence_Patient', 870)]"
728.6,3,"[(27, 'Emergence_Patient', 760), (59, 'Emergence_Patient', 788), (67, 'Emergence_Patient', 787)]"
729.0,3,"[(27, 'Emergence_Patient', 760), (59, 'Emergence_Patient', 788), (67, 'Emergence_Patient', 787)]"
730.0,3,"[(27, 'Emergence_Patient', 760), (59, 'Emergence_Patient', 788), (67, 'Emergence_Patient', 787)]"
731.0,4,"[(27, 'Emergence_Patient', 760), (59, 'Emergence_Patient', 788), (67, 'Emergence_Patient', 787), (69, 'Emergence_Patient', 823)]"
731.0,4,"[(27, 'Emergence_Patient', 760), (59, 'Emergence_Patient', 788), (67, 'Emergence_Patient', 787), (69, 'Emergence_Patient', 823)]"
732.0,4,"[(27, 'Emergence_Patient', 760), (59, 'Emergence_Patient', 788), (67, 'Emergence_Patient', 787), (69, 'Emergence_Patient', 823)]"
733.0,4,"[(27, 'Emergence_Patient', 760), (59, 'Emergence_Patient', 788), (67, 'Emergence_Patient', 787), (69, 'Emergence_Patient', 823)]"
734.0,4,"[(27, 'Emergence_Patient', 760), (59, 'Emergence_Patient', 788), (67, 'Emergence_Patient', 787), (69, 'Emergence_Patient', 823)]"
735.0,4,"[(27, 'Emergence_Patient', 760), (59, 'Emergence_Patient', 788), (67, 'Emergence_Patient', 787), (69, 'Emergence_Patient', 823)]"
736.0,4,"[(27, 'Emergence_Patient', 760), (59, 'Emergence_Patient', 788), (67, 'Emergence_Patient', 787), (69, 'Emergence_Patient', 823)]"
737.0,4,"[(27, 'Emergence_Patient', 760), (59, 'Emergence_Patient', 788), (67, 'Emergence_Patient', 787), (69, 'Emergence_Patient', 823)]"
738.0,4,"[(27, 'Emergence_Patient', 760), (59, 'Emergence_Patient', 788), (67, 'Emergence_Patient', 787), (69, 'Emergence_Patient', 823)]"
739.0,4,"[(27, 'Emergence_Patient', 760), (59, 'Emergence_Patient', 788), (67, 'Emergence_Patient', 787), (69, 'Emergence_Patient', 823)]"
740.0,4,"[(27, 'Emergence_Patient', 760), (59, 'Emergence_Patient', 788), (67, 'Emergence_Patient', 787), (69, 'Emergence_Patient', 823)]"
741.0,5,"[(27, 'Emergence_Patient', 760), (59, 'Emergence_Patient', 788), (67, 'Emergence_Patient', 787), (69, 'Emergence_Patient', 823), (70, 'Nylon_Patient', inf)]"
741.0,5,"[(27, 'Emergence_Patient', 760), (59, 'Emergence_Patient', 788), (67, 'Emergence_Patient', 787), (69, 'Emergence_Patient', 823), (70, 'Nylon_Patient', inf)]"
741.4,4,"[(27, 'Emergence_Patient', 760), (59, 'Emergence_Patient', 788), (67, 'Emergence_Patient', 787), (69, 'Emergence_Patient', 823)]"
742.0,4,"[(27, 'Emergence_Patient', 760), (59, 'Emergence_Patient', 788), (67, 'Emergence_Patient', 787), (69, 'Emergence_Patient', 823)]"
743.0,4,"[(27, 'Emergence_Patient', 760), (59, 'Emergence_Patient', 788), (67, 'Emergence_Patient', 787), (69, 'Emergence_Patient', 823)]"
744.0,4,"[(27, 'Emergence_Patient', 760), (59, 'Emergence_Patient', 788), (67, 'Emergence_Patient', 787), (69, 'Emergence_Patient', 823)]"
745.0,4,"[(27, 'Emergence_Patient', 760), (59, 'Emergence_Patient', 788), (67, 'Emergence_Patient', 787), (69, 'Emergence_Patient', 823)]"
746.0,4,"[(27, 'Emergence_Patient', 760), (59, 'Emergence_Patient', 788), (67, 'Emergence_Patient', 787), (69, 'Emergence_Patient', 823)]"
747.0,4,"[(27, 'Emergence_Patient', 760), (59, 'Emergence_Patient', 788), (67, 'Emergence_Patient', 787), (69, 'Emergence_Patient', 823)]"
748.0,4,"[(27, 'Emergence_Patient', 760), (59, 'Emergence_Patient', 788), (67, 'Emergence_Patient', 787), (69, 'Emergence_Patient', 823)]"
749.0,4,"[(27, 'Emergence_Patient', 760), (59, 'Emergence_Patient', 788), (67, 'Emergence_Patient', 787), (69, 'Emergence_Patient', 823)]"
750.0,4,"[(27, 'Emergence_Patient', 760), (59, 'Emergence_Patient', 788), (67, 'Emergence_Patient', 787), (69, 'Emergence_Patient', 823)]"
751.0,4,"[(27, 'Emergence_Patient', 760), (59, 'Emergence_Patient', 788), (67, 'Emergence_Patient', 787), (69, 'Emergence_Patient', 823)]"
752.0,5,"[(27, 'Emergence_Patient', 760), (59, 'Emergence_Patient', 788), (67, 'Emergence_Patient', 787), (69, 'Emergence_Patient', 823), (71, 'Emergence_Patient', 807)]"
752.0,5,"[(27, 'Emergence_Patient', 760), (59, 'Emergence_Patient', 788), (67, 'Emergence_Patient', 787), (69, 'Emergence_Patient', 823), (71, 'Emergence_Patient', 807)]"
753.0,5,"[(27, 'Emergence_Patient', 760), (59, 'Emergence_Patient', 788), (67, 'Emergence_Patient', 787), (69, 'Emergence_Patient', 823), (71, 'Emergence_Patient', 807)]"
754.0,5,"[(27, 'Emergence_Patient', 760), (59, 'Emergence_Patient', 788), (67, 'Emergence_Patient', 787), (69, 'Emergence_Patient', 823), (71, 'Emergence_Patient', 807)]"
755.0,5,"[(27, 'Emergence_Patient', 760), (59, 'Emergence_Patient', 788), (67, 'Emergence_Patient', 787), (69, 'Emergence_Patient', 823), (71, 'Emergence_Patient', 807)]"
756.0,5,"[(27, 'Emergence_Patient', 760), (59, 'Emergence_Patient', 788), (67, 'Emergence_Patient', 787), (69, 'Emergence_Patient', 823), (71, 'Emergence_Patient', 807)]"
757.0,5,"[(27, 'Emergence_Patient', 760), (59, 'Emergence_Patient', 788), (67, 'Emergence_Patient', 787), (69, 'Emergence_Patient', 823), (71, 'Emergence_Patient', 807)]"
758.0,5,"[(27, 'Emergence_Patient', 760), (59, 'Emergence_Patient', 788), (67, 'Emergence_Patient', 787), (69, 'Emergence_Patient', 823), (71, 'Emergence_Patient', 807)]"
759.0,6,"[(27, 'Emergence_Patient', 760), (59, 'Emergence_Patient', 788), (67, 'Emergence_Patient', 787), (69, 'Emergence_Patient', 823), (71, 'Emergence_Patient', 807), (72, 'Naive_Patient', inf)]"
759.0,6,"[(27, 'Emergence_Patient', 760), (59, 'Emergence_Patient', 788), (67, 'Emergence_Patient', 787), (69, 'Emergence_Patient', 823), (71, 'Emergence_Patient', 807), (72, 'Naive_Patient', inf)]"
760.0,6,"[(27, 'Emergence_Patient', 760), (59, 'Emergence_Patient', 788), (67, 'Emergence_Patient', 787), (69, 'Emergence_Patient', 823), (71, 'Emergence_Patient', 807), (72, 'Naive_Patient', inf)]"
761.0,5,"[(67, 'Emergence_Patient', 787), (59, 'Emergence_Patient', 788), (72, 'Naive_Patient', inf), (69, 'Emergence_Patient', 823), (71, 'Emergence_Patient', 807)]"
762.0,5,"[(67, 'Emergence_Patient', 787), (59, 'Emergence_Patient', 788), (72, 'Naive_Patient', inf), (69, 'Emergence_Patient', 823), (71, 'Emergence_Patient', 807)]"
763.0,5,"[(67, 'Emergence_Patient', 787), (59, 'Emergence_Patient', 788), (72, 'Naive_Patient', inf), (69, 'Emergence_Patient', 823), (71, 'Emergence_Patient', 807)]"
764.0,5,"[(67, 'Emergence_Patient', 787), (59, 'Emergence_Patient', 788), (72, 'Naive_Patient', inf), (69, 'Emergence_Patient', 823), (71, 'Emergence_Patient', 807)]"
764.2,4,"[(67, 'Emergence_Patient', 787), (59, 'Emergence_Patient', 788), (69, 'Emergence_Patient', 823), (71, 'Emergence_Patient', 807)]"
765.0,5,"[(67, 'Emergence_Patient', 787), (59, 'Emergence_Patient', 788), (69, 'Emergence_Patient', 823), (71, 'Emergence_Patient', 807), (73, 'Emergence_Patient', 988)]"
765.0,5,"[(67, 'Emergence_Patient', 787), (59, 'Emergence_Patient', 788), (69, 'Emergence_Patient', 823), (71, 'Emergence_Patient', 807), (73, 'Emergence_Patient', 988)]"
766.0,5,"[(67, 'Emergence_Patient', 787), (59, 'Emergence_Patient', 788), (69, 'Emergence_Patient', 823), (71, 'Emergence_Patient', 807), (73, 'Emergence_Patient', 988)]"
767.0,5,"[(67, 'Emergence_Patient', 787), (59, 'Emergence_Patient', 788), (69, 'Emergence_Patient', 823), (71, 'Emergence_Patient', 807), (73, 'Emergence_Patient', 988)]"
768.0,5,"[(67, 'Emergence_Patient', 787), (59, 'Emergence_Patient', 788), (69, 'Emergence_Patient', 823), (71, 'Emergence_Patient', 807), (73, 'Emergence_Patient', 988)]"
769.0,5,"[(67, 'Emergence_Patient', 787), (59, 'Emergence_Patient', 788), (69, 'Emergence_Patient', 823), (71, 'Emergence_Patient', 807), (73, 'Emergence_Patient', 988)]"
770.0,5,"[(67, 'Emergence_Patient', 787), (59, 'Emergence_Patient', 788), (69, 'Emergence_Patient', 823), (71, 'Emergence_Patient', 807), (73, 'Emergence_Patient', 988)]"
771.0,5,"[(67, 'Emergence_Patient', 787), (59, 'Emergence_Patient', 788), (69, 'Emergence_Patient', 823), (71, 'Emergence_Patient', 807), (73, 'Emergence_Patient', 988)]"
772.0,5,"[(67, 'Emergence_Patient', 787), (59, 'Emergence_Patient', 788), (69, 'Emergence_Patient', 823), (71, 'Emergence_Patient', 807), (73, 'Emergence_Patient', 988)]"
773.0,5,"[(67, 'Emergence_Patient', 787), (59, 'Emergence_Patient', 788), (69, 'Emergence_Patient', 823), (71, 'Emergence_Patient', 807), (73, 'Emergence_Patient', 988)]"
774.0,5,"[(67, 'Emergence_Patient', 787), (59, 'Emergence_Patient', 788), (69, 'Emergence_Patient', 823), (71, 'Emergence_Patient', 807), (73, 'Emergence_Patient', 988)]"
775.0,5,"[(67, 'Emergence_Patient', 787), (59, 'Emergence_Patient', 788), (69, 'Emergence_Patient', 823), (71, 'Emergence_Patient', 807), (73, 'Emergence_Patient', 988)]"
776.0,6,"[(67, 'Emergence_Patient', 787), (59, 'Emergence_Patient', 788), (69, 'Emergence_Patient', 823), (71, 'Emergence_Patient', 807), (73, 'Emergence_Patient', 988), (74, 'Nylon_Patient', inf)]"
776.0,6,"[(67, 'Emergence_Patient', 787), (59, 'Emergence_Patient', 788), (69, 'Emergence_Patient', 823), (71, 'Emergence_Patient', 807), (73, 'Emergence_Patient', 988), (74, 'Nylon_Patient', inf)]"
777.0,6,"[(67, 'Emergence_Patient', 787), (59, 'Emergence_Patient', 788), (69, 'Emergence_Patient', 823), (71, 'Emergence_Patient', 807), (73, 'Emergence_Patient', 988), (74, 'Nylon_Patient', inf)]"
778.0,6,"[(67, 'Emergence_Patient', 787), (59, 'Emergence_Patient', 788), (69, 'Emergence_Patient', 823), (71, 'Emergence_Patient', 807), (73, 'Emergence_Patient', 988), (74, 'Nylon_Patient', inf)]"
778.2,5,"[(67, 'Emergence_Patient', 787), (59, 'Emergence_Patient', 788), (69, 'Emergence_Patient', 823), (71, 'Emergence_Patient', 807), (73, 'Emergence_Patient', 988)]"
779.0,5,"[(67, 'Emergence_Patient', 787), (59, 'Emergence_Patient', 788), (69, 'Emergence_Patient', 823), (71, 'Emergence_Patient', 807), (73, 'Emergence_Patient', 988)]"
780.0,5,"[(67, 'Emergence_Patient', 787), (59, 'Emergence_Patient', 788), (69, 'Emergence_Patient', 823), (71, 'Emergence_Patient', 807), (73, 'Emergence_Patient', 988)]"
781.0,5,"[(67, 'Emergence_Patient', 787), (59, 'Emergence_Patient', 788), (69, 'Emergence_Patient', 823), (71, 'Emergence_Patient', 807), (73, 'Emergence_Patient', 988)]"
782.0,5,"[(67, 'Emergence_Patient', 787), (59, 'Emergence_Patient', 788), (69, 'Emergence_Patient', 823), (71, 'Emergence_Patient', 807), (73, 'Emergence_Patient', 988)]"
783.0,5,"[(67, 'Emergence_Patient', 787), (59, 'Emergence_Patient', 788), (69, 'Emergence_Patient', 823), (71, 'Emergence_Patient', 807), (73, 'Emergence_Patient', 988)]"
784.0,5,"[(67, 'Emergence_Patient', 787), (59, 'Emergence_Patient', 788), (69, 'Emergence_Patient', 823), (71, 'Emergence_Patient', 807), (73, 'Emergence_Patient', 988)]"
785.0,5,"[(67, 'Emergence_Patient', 787), (59, 'Emergence_Patient', 788), (69, 'Emergence_Patient', 823), (71, 'Emergence_Patient', 807), (73, 'Emergence_Patient', 988)]"
786.0,6,"[(67, 'Emergence_Patient', 787), (59, 'Emergence_Patient', 788), (69, 'Emergence_Patient', 823), (71, 'Emergence_Patient', 807), (73, 'Emergence_Patient', 988), (75, 'Emergence_Patient', 872)]"
786.0,6,"[(67, 'Emergence_Patient', 787), (59, 'Emergence_Patient', 788), (69, 'Emergence_Patient', 823), (71, 'Emergence_Patient', 807), (73, 'Emergence_Patient', 988), (75, 'Emergence_Patient', 872)]"
787.0,6,"[(67, 'Emergence_Patient', 787), (59, 'Emergence_Patient', 788), (69, 'Emergence_Patient', 823), (71, 'Emergence_Patient', 807), (73, 'Emergence_Patient', 988), (75, 'Emergence_Patient', 872)]"
788.0,5,"[(59, 'Emergence_Patient', 788), (71, 'Emergence_Patient', 807), (69, 'Emergence_Patient', 823), (75, 'Emergence_Patient', 872), (73, 'Emergence_Patient', 988)]"
789.0,4,"[(71, 'Emergence_Patient', 807), (75, 'Emergence_Patient', 872), (69, 'Emergence_Patient', 823), (73, 'Emergence_Patient', 988)]"
790.0,4,"[(71, 'Emergence_Patient', 807), (75, 'Emergence_Patient', 872), (69, 'Emergence_Patient', 823), (73, 'Emergence_Patient', 988)]"
791.0,4,"[(71, 'Emergence_Patient', 807), (75, 'Emergence_Patient', 872), (69, 'Emergence_Patient', 823), (73, 'Emergence_Patient', 988)]"
792.0,4,"[(71, 'Emergence_Patient', 807), (75, 'Emergence_Patient', 872), (69, 'Emergence_Patient', 823), (73, 'Emergence_Patient', 988)]"
792.6,3,"[(71, 'Emergence_Patient', 807), (69, 'Emergence_Patient', 823), (73, 'Emergence_Patient', 988)]"
793.0,3,"[(71, 'Emergence_Patient', 807), (69, 'Emergence_Patient', 823), (73, 'Emergence_Patient', 988)]"
794.0,3,"[(71, 'Emergence_Patient', 807), (69, 'Emergence_Patient', 823), (73, 'Emergence_Patient', 988)]"
795.0,3,"[(71, 'Emergence_Patient', 807), (69, 'Emergence_Patient', 823), (73, 'Emergence_Patient', 988)]"
796.0,3,"[(71, 'Emergence_Patient', 807), (69, 'Emergence_Patient', 823), (73, 'Emergence_Patient', 988)]"
797.0,3,"[(71, 'Emergence_Patient', 807), (69, 'Emergence_Patient', 823), (73, 'Emergence_Patient', 988)]"
798.0,3,"[(71, 'Emergence_Patient', 807), (69, 'Emergence_Patient', 823), (73, 'Emergence_Patient', 988)]"
799.0,3,"[(71, 'Emergence_Patient', 807), (69, 'Emergence_Patient', 823), (73, 'Emergence_Patient', 988)]"
800.0,3,"[(71, 'Emergence_Patient', 807), (69, 'Emergence_Patient', 823), (73, 'Emergence_Patient', 988)]"
801.0,3,"[(71, 'Emergence_Patient', 807), (69, 'Emergence_Patient', 823), (73, 'Emergence_Patient', 988)]"
802.0,4,"[(71, 'Emergence_Patient', 807), (69, 'Emergence_Patient', 823), (73, 'Emergence_Patient', 988), (76, 'Naive_Patient', inf)]"
802.0,4,"[(71, 'Emergence_Patient', 807), (69, 'Emergence_Patient', 823), (73, 'Emergence_Patient', 988), (76, 'Naive_Patient', inf)]"
802.8,3,"[(71, 'Emergence_Patient', 807), (69, 'Emergence_Patient', 823), (73, 'Emergence_Patient', 988)]"
803.0,3,"[(71, 'Emergence_Patient', 807), (69, 'Emergence_Patient', 823), (73, 'Emergence_Patient', 988)]"
804.0,3,"[(71, 'Emergence_Patient', 807), (69, 'Emergence_Patient', 823), (73, 'Emergence_Patient', 988)]"
805.0,3,"[(71, 'Emergence_Patient', 807), (69, 'Emergence_Patient', 823), (73, 'Emergence_Patient', 988)]"
806.0,3,"[(71, 'Emergence_Patient', 807), (69, 'Emergence_Patient', 823), (73, 'Emergence_Patient', 988)]"
807.0,3,"[(71, 'Emergence_Patient', 807), (69, 'Emergence_Patient', 823), (73, 'Emergence_Patient', 988)]"
808.0,2,"[(69, 'Emergence_Patient', 823), (73, 'Emergence_Patient', 988)]"
809.0,3,"[(69, 'Emergence_Patient', 823), (73, 'Emergence_Patient', 988), (77, 'Emergence_Patient', 916)]"
809.0,3,"[(69, 'Emergence_Patient', 823), (73, 'Emergence_Patient', 988), (77, 'Emergence_Patient', 916)]"
810.0,3,"[(69, 'Emergence_Patient', 823), (73, 'Emergence_Patient', 988), (77, 'Emergence_Patient', 916)]"
811.0,3,"[(69, 'Emergence_Patient', 823), (73, 'Emergence_Patient', 988), (77, 'Emergence_Patient', 916)]"
812.0,3,"[(69, 'Emergence_Patient', 823), (73, 'Emergence_Patient', 988), (77, 'Emergence_Patient', 916)]"
813.0,3,"[(69, 'Emergence_Patient', 823), (73, 'Emergence_Patient', 988), (77, 'Emergence_Patient', 916)]"
814.0,3,"[(69, 'Emergence_Patient', 823), (73, 'Emergence_Patient', 988), (77, 'Emergence_Patient', 916)]"
815.0,3,"[(69, 'Emergence_Patient', 823), (73, 'Emergence_Patient', 988), (77, 'Emergence_Patient', 916)]"
816.0,3,"[(69, 'Emergence_Patient', 823), (73, 'Emergence_Patient', 988), (77, 'Emergence_Patient', 916)]"
817.0,4,"[(69, 'Emergence_Patient', 823), (78, 'Emergence_Patient', 860), (77, 'Emergence_Patient', 916), (73, 'Emergence_Patient', 988)]"
817.0,4,"[(69, 'Emergence_Patient', 823), (78, 'Emergence_Patient', 860), (77, 'Emergence_Patient', 916), (73, 'Emergence_Patient', 988)]"
818.0,4,"[(69, 'Emergence_Patient', 823), (78, 'Emergence_Patient', 860), (77, 'Emergence_Patient', 916), (73, 'Emergence_Patient', 988)]"
818.0,3,"[(69, 'Emergence_Patient', 823), (77, 'Emergence_Patient', 916), (73, 'Emergence_Patient', 988)]"
819.0,3,"[(69, 'Emergence_Patient', 823), (77, 'Emergence_Patient', 916), (73, 'Emergence_Patient', 988)]"
820.0,3,"[(69, 'Emergence_Patient', 823), (77, 'Emergence_Patient', 916), (73, 'Emergence_Patient', 988)]"
821.0,3,"[(69, 'Emergence_Patient', 823), (77, 'Emergence_Patient', 916), (73, 'Emergence_Patient', 988)]"
822.0,3,"[(69, 'Emergence_Patient', 823), (77, 'Emergence_Patient', 916), (73, 'Emergence_Patient', 988)]"
823.0,3,"[(69, 'Emergence_Patient', 823), (77, 'Emergence_Patient', 916), (73, 'Emergence_Patient', 988)]"
824.0,2,"[(77, 'Emergence_Patient', 916), (73, 'Emergence_Patient', 988)]"
825.0,2,"[(77, 'Emergence_Patient', 916), (73, 'Emergence_Patient', 988)]"
826.0,2,"[(77, 'Emergence_Patient', 916), (73, 'Emergence_Patient', 988)]"
827.0,2,"[(77, 'Emergence_Patient', 916), (73, 'Emergence_Patient', 988)]"
828.0,3,"[(77, 'Emergence_Patient', 916), (73, 'Emergence_Patient', 988), (79, 'Emergence_Patient', 1011)]"
828.0,3,"[(77, 'Emergence_Patient', 916), (73, 'Emergence_Patient', 988), (79, 'Emergence_Patient', 1011)]"
829.0,3,"[(77, 'Emergence_Patient', 916), (73, 'Emergence_Patient', 988), (79, 'Emergence_Patient', 1011)]"
830.0,3,"[(77, 'Emergence_Patient', 916), (73, 'Emergence_Patient', 988), (79, 'Emergence_Patient', 1011)]"
830.8,2,"[(77, 'Emergence_Patient', 916), (73, 'Emergence_Patient', 988)]"
831.0,2,"[(77, 'Emergence_Patient', 916), (73, 'Emergence_Patient', 988)]"
832.0,2,"[(77, 'Emergence_Patient', 916), (73, 'Emergence_Patient', 988)]"
833.0,2,"[(77, 'Emergence_Patient', 916), (73, 'Emergence_Patient', 988)]"
834.0,2,"[(77, 'Emergence_Patient', 916), (73, 'Emergence_Patient', 988)]"
835.0,2,"[(77, 'Emergence_Patient', 916), (73, 'Emergence_Patient', 988)]"
836.0,3,"[(77, 'Emergence_Patient', 916), (73, 'Emergence_Patient', 988), (80, 'Emergence_Patient', 925)]"
836.0,3,"[(77, 'Emergence_Patient', 916), (73, 'Emergence_Patient', 988), (80, 'Emergence_Patient', 925)]"
837.0,3,"[(77, 'Emergence_Patient', 916), (73, 'Emergence_Patient', 988), (80, 'Emergence_Patient', 925)]"
838.0,3,"[(77, 'Emergence_Patient', 916), (73, 'Emergence_Patient', 988), (80, 'Emergence_Patient', 925)]"
839.0,3,"[(77, 'Emergence_Patient', 916), (73, 'Emergence_Patient', 988), (80, 'Emergence_Patient', 925)]"
840.0,3,"[(77, 'Emergence_Patient', 916), (73, 'Emergence_Patient', 988), (80, 'Emergence_Patient', 925)]"
841.0,3,"[(77, 'Emergence_Patient', 916), (73, 'Emergence_Patient', 988), (80, 'Emergence_Patient', 925)]"
842.0,3,"[(77, 'Emergence_Patient', 916), (73, 'Emergence_Patient', 988), (80, 'Emergence_Patient', 925)]"
842.2,2,"[(77, 'Emergence_Patient', 916), (73, 'Emergence_Patient', 988)]"
843.0,2,"[(77, 'Emergence_Patient', 916), (73, 'Emergence_Patient', 988)]"
844.0,2,"[(77, 'Emergence_Patient', 916), (73, 'Emergence_Patient', 988)]"
845.0,2,"[(77, 'Emergence_Patient', 916), (73, 'Emergence_Patient', 988)]"
846.0,3,"[(77, 'Emergence_Patient', 916), (73, 'Emergence_Patient', 988), (81, 'Emergence_Patient', 969)]"
846.0,3,"[(77, 'Emergence_Patient', 916), (73, 'Emergence_Patient', 988), (81, 'Emergence_Patient', 969)]"
847.0,3,"[(77, 'Emergence_Patient', 916), (73, 'Emergence_Patient', 988), (81, 'Emergence_Patient', 969)]"
848.0,3,"[(77, 'Emergence_Patient', 916), (73, 'Emergence_Patient', 988), (81, 'Emergence_Patient', 969)]"
848.4,2,"[(77, 'Emergence_Patient', 916), (73, 'Emergence_Patient', 988)]"
849.0,2,"[(77, 'Emergence_Patient', 916), (73, 'Emergence_Patient', 988)]"
850.0,2,"[(77, 'Emergence_Patient', 916), (73, 'Emergence_Patient', 988)]"
851.0,2,"[(77, 'Emergence_Patient', 916), (73, 'Emergence_Patient', 988)]"
852.0,2,"[(77, 'Emergence_Patient', 916), (73, 'Emergence_Patient', 988)]"
853.0,2,"[(77, 'Emergence_Patient', 916), (73, 'Emergence_Patient', 988)]"
854.0,2,"[(77, 'Emergence_Patient', 916), (73, 'Emergence_Patient', 988)]"
855.0,2,"[(77, 'Emergence_Patient', 916), (73, 'Emergence_Patient', 988)]"
856.0,3,"[(82, 'Emergence_Patient', 859), (73, 'Emergence_Patient', 988), (77, 'Emergence_Patient', 916)]"
856.0,3,"[(82, 'Emergence_Patient', 859), (73, 'Emergence_Patient', 988), (77, 'Emergence_Patient', 916)]"
857.0,3,"[(82, 'Emergence_Patient', 859), (73, 'Emergence_Patient', 988), (77, 'Emergence_Patient', 916)]"
858.0,3,"[(82, 'Emergence_Patient', 859), (73, 'Emergence_Patient', 988), (77, 'Emergence_Patient', 916)]"
859.0,3,"[(82, 'Emergence_Patient', 859), (73, 'Emergence_Patient', 988), (77, 'Emergence_Patient', 916)]"
860.0,2,"[(77, 'Emergence_Patient', 916), (73, 'Emergence_Patient', 988)]"
861.0,2,"[(77, 'Emergence_Patient', 916), (73, 'Emergence_Patient', 988)]"
862.0,2,"[(77, 'Emergence_Patient', 916), (73, 'Emergence_Patient', 988)]"
862.2,2,"[(77, 'Emergence_Patient', 916), (73, 'Emergence_Patient', 988)]"
863.0,2,"[(77, 'Emergence_Patient', 916), (73, 'Emergence_Patient', 988)]"
864.0,2,"[(77, 'Emergence_Patient', 916), (73, 'Emergence_Patient', 988)]"
865.0,2,"[(77, 'Emergence_Patient', 916), (73, 'Emergence_Patient', 988)]"
866.0,2,"[(77, 'Emergence_Patient', 916), (73, 'Emergence_Patient', 988)]"
867.0,3,"[(77, 'Emergence_Patient', 916), (73, 'Emergence_Patient', 988), (83, 'Emergence_Patient', 1187)]"
867.0,3,"[(77, 'Emergence_Patient', 916), (73, 'Emergence_Patient', 988), (83, 'Emergence_Patient', 1187)]"
868.0,3,"[(77, 'Emergence_Patient', 916), (73, 'Emergence_Patient', 988), (83, 'Emergence_Patient', 1187)]"
869.0,3,"[(77, 'Emergence_Patient', 916), (73, 'Emergence_Patient', 988), (83, 'Emergence_Patient', 1187)]"
870.0,3,"[(77, 'Emergence_Patient', 916), (73, 'Emergence_Patient', 988), (83, 'Emergence_Patient', 1187)]"
871.0,3,"[(77, 'Emergence_Patient', 916), (73, 'Emergence_Patient', 988), (83, 'Emergence_Patient', 1187)]"
872.0,3,"[(77, 'Emergence_Patient', 916), (73, 'Emergence_Patient', 988), (83, 'Emergence_Patient', 1187)]"
873.0,3,"[(77, 'Emergence_Patient', 916), (73, 'Emergence_Patient', 988), (83, 'Emergence_Patient', 1187)]"
874.0,3,"[(77, 'Emergence_Patient', 916), (73, 'Emergence_Patient', 988), (83, 'Emergence_Patient', 1187)]"
875.0,3,"[(77, 'Emergence_Patient', 916), (73, 'Emergence_Patient', 988), (83, 'Emergence_Patient', 1187)]"
876.0,3,"[(77, 'Emergence_Patient', 916), (73, 'Emergence_Patient', 988), (83, 'Emergence_Patient', 1187)]"
877.0,3,"[(77, 'Emergence_Patient', 916), (73, 'Emergence_Patient', 988), (83, 'Emergence_Patient', 1187)]"
878.0,4,"[(77, 'Emergence_Patient', 916), (73, 'Emergence_Patient', 988), (83, 'Emergence_Patient', 1187), (84, 'Emergence_Patient', 1269)]"
878.0,4,"[(77, 'Emergence_Patient', 916), (73, 'Emergence_Patient', 988), (83, 'Emergence_Patient', 1187), (84, 'Emergence_Patient', 1269)]"
878.4,3,"[(77, 'Emergence_Patient', 916), (73, 'Emergence_Patient', 988), (83, 'Emergence_Patient', 1187)]"
879.0,3,"[(77, 'Emergence_Patient', 916), (73, 'Emergence_Patient', 988), (83, 'Emergence_Patient', 1187)]"
880.0,3,"[(77, 'Emergence_Patient', 916), (73, 'Emergence_Patient', 988), (83, 'Emergence_Patient', 1187)]"
881.0,3,"[(77, 'Emergence_Patient', 916), (73, 'Emergence_Patient', 988), (83, 'Emergence_Patient', 1187)]"
882.0,3,"[(77, 'Emergence_Patient', 916), (73, 'Emergence_Patient', 988), (83, 'Emergence_Patient', 1187)]"
883.0,3,"[(77, 'Emergence_Patient', 916), (73, 'Emergence_Patient', 988), (83, 'Emergence_Patient', 1187)]"
884.0,3,"[(77, 'Emergence_Patient', 916), (73, 'Emergence_Patient', 988), (83, 'Emergence_Patient', 1187)]"
885.0,3,"[(77, 'Emergence_Patient', 916), (73, 'Emergence_Patient', 988), (83, 'Emergence_Patient', 1187)]"
886.0,3,"[(77, 'Emergence_Patient', 916), (73, 'Emergence_Patient', 988), (83, 'Emergence_Patient', 1187)]"
887.0,3,"[(77, 'Emergence_Patient', 916), (73, 'Emergence_Patient', 988), (83, 'Emergence_Patient', 1187)]"
888.0,3,"[(77, 'Emergence_Patient', 916), (73, 'Emergence_Patient', 988), (83, 'Emergence_Patient', 1187)]"
889.0,3,"[(77, 'Emergence_Patient', 916), (73, 'Emergence_Patient', 988), (83, 'Emergence_Patient', 1187)]"
890.0,3,"[(77, 'Emergence_Patient', 916), (73, 'Emergence_Patient', 988), (83, 'Emergence_Patient', 1187)]"
891.0,3,"[(77, 'Emergence_Patient', 916), (73, 'Emergence_Patient', 988), (83, 'Emergence_Patient', 1187)]"
892.0,3,"[(77, 'Emergence_Patient', 916), (73, 'Emergence_Patient', 988), (83, 'Emergence_Patient', 1187)]"
893.0,3,"[(77, 'Emergence_Patient', 916), (73, 'Emergence_Patient', 988), (83, 'Emergence_Patient', 1187)]"
894.0,3,"[(77, 'Emergence_Patient', 916), (73, 'Emergence_Patient', 988), (83, 'Emergence_Patient', 1187)]"
895.0,4,"[(77, 'Emergence_Patient', 916), (73, 'Emergence_Patient', 988), (83, 'Emergence_Patient', 1187), (85, 'Naive_Patient', inf)]"
895.0,4,"[(77, 'Emergence_Patient', 916), (73, 'Emergence_Patient', 988), (83, 'Emergence_Patient', 1187), (85, 'Naive_Patient', inf)]"
896.0,4,"[(77, 'Emergence_Patient', 916), (73, 'Emergence_Patient', 988), (83, 'Emergence_Patient', 1187), (85, 'Naive_Patient', inf)]"
896.6,3,"[(77, 'Emergence_Patient', 916), (73, 'Emergence_Patient', 988), (83, 'Emergence_Patient', 1187)]"
897.0,3,"[(77, 'Emergence_Patient', 916), (73, 'Emergence_Patient', 988), (83, 'Emergence_Patient', 1187)]"
898.0,3,"[(77, 'Emergence_Patient', 916), (73, 'Emergence_Patient', 988), (83, 'Emergence_Patient', 1187)]"
899.0,3,"[(77, 'Emergence_Patient', 916), (73, 'Emergence_Patient', 988), (83, 'Emergence_Patient', 1187)]"
900.0,3,"[(77, 'Emergence_Patient', 916), (73, 'Emergence_Patient', 988), (83, 'Emergence_Patient', 1187)]"
901.0,3,"[(77, 'Emergence_Patient', 916), (73, 'Emergence_Patient', 988), (83, 'Emergence_Patient', 1187)]"
902.0,3,"[(77, 'Emergence_Patient', 916), (73, 'Emergence_Patient', 988), (83, 'Emergence_Patient', 1187)]"
903.0,3,"[(77, 'Emergence_Patient', 916), (73, 'Emergence_Patient', 988), (83, 'Emergence_Patient', 1187)]"
904.0,3,"[(77, 'Emergence_Patient', 916), (73, 'Emergence_Patient', 988), (83, 'Emergence_Patient', 1187)]"
905.0,3,"[(77, 'Emergence_Patient', 916), (73, 'Emergence_Patient', 988), (83, 'Emergence_Patient', 1187)]"
906.0,4,"[(77, 'Emergence_Patient', 916), (73, 'Emergence_Patient', 988), (83, 'Emergence_Patient', 1187), (86, 'Emergence_Patient', 1051)]"
906.0,4,"[(77, 'Emergence_Patient', 916), (73, 'Emergence_Patient', 988), (83, 'Emergence_Patient', 1187), (86, 'Emergence_Patient', 1051)]"
907.0,4,"[(77, 'Emergence_Patient', 916), (73, 'Emergence_Patient', 988), (83, 'Emergence_Patient', 1187), (86, 'Emergence_Patient', 1051)]"
908.0,4,"[(77, 'Emergence_Patient', 916), (73, 'Emergence_Patient', 988), (83, 'Emergence_Patient', 1187), (86, 'Emergence_Patient', 1051)]"
909.0,4,"[(77, 'Emergence_Patient', 916), (73, 'Emergence_Patient', 988), (83, 'Emergence_Patient', 1187), (86, 'Emergence_Patient', 1051)]"
910.0,4,"[(77, 'Emergence_Patient', 916), (73, 'Emergence_Patient', 988), (83, 'Emergence_Patient', 1187), (86, 'Emergence_Patient', 1051)]"
911.0,4,"[(77, 'Emergence_Patient', 916), (73, 'Emergence_Patient', 988), (83, 'Emergence_Patient', 1187), (86, 'Emergence_Patient', 1051)]"
912.0,4,"[(77, 'Emergence_Patient', 916), (73, 'Emergence_Patient', 988), (83, 'Emergence_Patient', 1187), (86, 'Emergence_Patient', 1051)]"
913.0,4,"[(77, 'Emergence_Patient', 916), (73, 'Emergence_Patient', 988), (83, 'Emergence_Patient', 1187), (86, 'Emergence_Patient', 1051)]"
913.4,3,"[(77, 'Emergence_Patient', 916), (73, 'Emergence_Patient', 988), (83, 'Emergence_Patient', 1187)]"
914.0,3,"[(77, 'Emergence_Patient', 916), (73, 'Emergence_Patient', 988), (83, 'Emergence_Patient', 1187)]"
915.0,3,"[(77, 'Emergence_Patient', 916), (73, 'Emergence_Patient', 988), (83, 'Emergence_Patient', 1187)]"
916.0,3,"[(77, 'Emergence_Patient', 916), (73, 'Emergence_Patient', 988), (83, 'Emergence_Patient', 1187)]"
917.0,4,"[(77, 'Emergence_Patient', 916), (73, 'Emergence_Patient', 988), (83, 'Emergence_Patient', 1187), (87, 'Naive_Patient', inf)]"
917.0,3,"[(73, 'Emergence_Patient', 988), (87, 'Naive_Patient', inf), (83, 'Emergence_Patient', 1187)]"
918.0,3,"[(73, 'Emergence_Patient', 988), (87, 'Naive_Patient', inf), (83, 'Emergence_Patient', 1187)]"
919.0,3,"[(73, 'Emergence_Patient', 988), (87, 'Naive_Patient', inf), (83, 'Emergence_Patient', 1187)]"
920.0,3,"[(73, 'Emergence_Patient', 988), (87, 'Naive_Patient', inf), (83, 'Emergence_Patient', 1187)]"
921.0,3,"[(73, 'Emergence_Patient', 988), (87, 'Naive_Patient', inf), (83, 'Emergence_Patient', 1187)]"
921.6,2,"[(73, 'Emergence_Patient', 988), (83, 'Emergence_Patient', 1187)]"
922.0,2,"[(73, 'Emergence_Patient', 988), (83, 'Emergence_Patient', 1187)]"
923.0,2,"[(73, 'Emergence_Patient', 988), (83, 'Emergence_Patient', 1187)]"
924.0,2,"[(73, 'Emergence_Patient', 988), (83, 'Emergence_Patient', 1187)]"
925.0,2,"[(73, 'Emergence_Patient', 988), (83, 'Emergence_Patient', 1187)]"
926.0,3,"[(73, 'Emergence_Patient', 988), (83, 'Emergence_Patient', 1187), (88, 'Naive_Patient', inf)]"
926.0,3,"[(73, 'Emergence_Patient', 988), (83, 'Emergence_Patient', 1187), (88, 'Naive_Patient', inf)]"
927.0,3,"[(73, 'Emergence_Patient', 988), (83, 'Emergence_Patient', 1187), (88, 'Naive_Patient', inf)]"
928.0,3,"[(73, 'Emergence_Patient', 988), (83, 'Emergence_Patient', 1187), (88, 'Naive_Patient', inf)]"
929.0,3,"[(73, 'Emergence_Patient', 988), (83, 'Emergence_Patient', 1187), (88, 'Naive_Patient', inf)]"
930.0,3,"[(73, 'Emergence_Patient', 988), (83, 'Emergence_Patient', 1187), (88, 'Naive_Patient', inf)]"
931.0,3,"[(73, 'Emergence_Patient', 988), (83, 'Emergence_Patient', 1187), (88, 'Naive_Patient', inf)]"
932.0,3,"[(73, 'Emergence_Patient', 988), (83, 'Emergence_Patient', 1187), (88, 'Naive_Patient', inf)]"
932.8,2,"[(73, 'Emergence_Patient', 988), (83, 'Emergence_Patient', 1187)]"
933.0,2,"[(73, 'Emergence_Patient', 988), (83, 'Emergence_Patient', 1187)]"
934.0,2,"[(73, 'Emergence_Patient', 988), (83, 'Emergence_Patient', 1187)]"
935.0,2,"[(73, 'Emergence_Patient', 988), (83, 'Emergence_Patient', 1187)]"
936.0,2,"[(73, 'Emergence_Patient', 988), (83, 'Emergence_Patient', 1187)]"
937.0,2,"[(73, 'Emergence_Patient', 988), (83, 'Emergence_Patient', 1187)]"
938.0,2,"[(73, 'Emergence_Patient', 988), (83, 'Emergence_Patient', 1187)]"
939.0,2,"[(73, 'Emergence_Patient', 988), (83, 'Emergence_Patient', 1187)]"
940.0,3,"[(73, 'Emergence_Patient', 988), (83, 'Emergence_Patient', 1187), (89, 'Emergence_Patient', 1050)]"
940.0,3,"[(73, 'Emergence_Patient', 988), (83, 'Emergence_Patient', 1187), (89, 'Emergence_Patient', 1050)]"
941.0,3,"[(73, 'Emergence_Patient', 988), (83, 'Emergence_Patient', 1187), (89, 'Emergence_Patient', 1050)]"
942.0,3,"[(73, 'Emergence_Patient', 988), (83, 'Emergence_Patient', 1187), (89, 'Emergence_Patient', 1050)]"
943.0,3,"[(73, 'Emergence_Patient', 988), (83, 'Emergence_Patient', 1187), (89, 'Emergence_Patient', 1050)]"
944.0,3,"[(73, 'Emergence_Patient', 988), (83, 'Emergence_Patient', 1187), (89, 'Emergence_Patient', 1050)]"
945.0,3,"[(73, 'Emergence_Patient', 988), (83, 'Emergence_Patient', 1187), (89, 'Emergence_Patient', 1050)]"
946.0,3,"[(73, 'Emergence_Patient', 988), (83, 'Emergence_Patient', 1187), (89, 'Emergence_Patient', 1050)]"
947.0,3,"[(73, 'Emergence_Patient', 988), (83, 'Emergence_Patient', 1187), (89, 'Emergence_Patient', 1050)]"
948.0,3,"[(73, 'Emergence_Patient', 988), (83, 'Emergence_Patient', 1187), (89, 'Emergence_Patient', 1050)]"
949.0,3,"[(73, 'Emergence_Patient', 988), (83, 'Emergence_Patient', 1187), (89, 'Emergence_Patient', 1050)]"
950.0,3,"[(73, 'Emergence_Patient', 988), (83, 'Emergence_Patient', 1187), (89, 'Emergence_Patient', 1050)]"
951.0,4,"[(73, 'Emergence_Patient', 988), (90, 'Emergence_Patient', 1109), (89, 'Emergence_Patient', 1050), (83, 'Emergence_Patient', 1187)]"
951.0,4,"[(73, 'Emergence_Patient', 988), (90, 'Emergence_Patient', 1109), (89, 'Emergence_Patient', 1050), (83, 'Emergence_Patient', 1187)]"
952.0,4,"[(73, 'Emergence_Patient', 988), (90, 'Emergence_Patient', 1109), (89, 'Emergence_Patient', 1050), (83, 'Emergence_Patient', 1187)]"
953.0,4,"[(73, 'Emergence_Patient', 988), (90, 'Emergence_Patient', 1109), (89, 'Emergence_Patient', 1050), (83, 'Emergence_Patient', 1187)]"
954.0,4,"[(73, 'Emergence_Patient', 988), (90, 'Emergence_Patient', 1109), (89, 'Emergence_Patient', 1050), (83, 'Emergence_Patient', 1187)]"
955.0,4,"[(73, 'Emergence_Patient', 988), (90, 'Emergence_Patient', 1109), (89, 'Emergence_Patient', 1050), (83, 'Emergence_Patient', 1187)]"
955.6,3,"[(73, 'Emergence_Patient', 988), (89, 'Emergence_Patient', 1050), (83, 'Emergence_Patient', 1187)]"
956.0,3,"[(73, 'Emergence_Patient', 988), (89, 'Emergence_Patient', 1050), (83, 'Emergence_Patient', 1187)]"
957.0,3,"[(73, 'Emergence_Patient', 988), (89, 'Emergence_Patient', 1050), (83, 'Emergence_Patient', 1187)]"
958.0,4,"[(73, 'Emergence_Patient', 988), (89, 'Emergence_Patient', 1050), (83, 'Emergence_Patient', 1187), (91, 'Emergence_Patient', 1206)]"
958.0,4,"[(73, 'Emergence_Patient', 988), (89, 'Emergence_Patient', 1050), (83, 'Emergence_Patient', 1187), (91, 'Emergence_Patient', 1206)]"
958.0,3,"[(73, 'Emergence_Patient', 988), (89, 'Emergence_Patient', 1050), (83, 'Emergence_Patient', 1187)]"
959.0,3,"[(73, 'Emergence_Patient', 988), (89, 'Emergence_Patient', 1050), (83, 'Emergence_Patient', 1187)]"
960.0,3,"[(73, 'Emergence_Patient', 988), (89, 'Emergence_Patient', 1050), (83, 'Emergence_Patient', 1187)]"
961.0,3,"[(73, 'Emergence_Patient', 988), (89, 'Emergence_Patient', 1050), (83, 'Emergence_Patient', 1187)]"
962.0,3,"[(73, 'Emergence_Patient', 988), (89, 'Emergence_Patient', 1050), (83, 'Emergence_Patient', 1187)]"
963.0,3,"[(73, 'Emergence_Patient', 988), (89, 'Emergence_Patient', 1050), (83, 'Emergence_Patient', 1187)]"
964.0,3,"[(73, 'Emergence_Patient', 988), (89, 'Emergence_Patient', 1050), (83, 'Emergence_Patient', 1187)]"
965.0,3,"[(73, 'Emergence_Patient', 988), (89, 'Emergence_Patient', 1050), (83, 'Emergence_Patient', 1187)]"
966.0,3,"[(73, 'Emergence_Patient', 988), (89, 'Emergence_Patient', 1050), (83, 'Emergence_Patient', 1187)]"
967.0,3,"[(73, 'Emergence_Patient', 988), (89, 'Emergence_Patient', 1050), (83, 'Emergence_Patient', 1187)]"
968.0,3,"[(73, 'Emergence_Patient', 988), (89, 'Emergence_Patient', 1050), (83, 'Emergence_Patient', 1187)]"
969.0,3,"[(73, 'Emergence_Patient', 988), (89, 'Emergence_Patient', 1050), (83, 'Emergence_Patient', 1187)]"
970.0,3,"[(73, 'Emergence_Patient', 988), (89, 'Emergence_Patient', 1050), (83, 'Emergence_Patient', 1187)]"
971.0,3,"[(73, 'Emergence_Patient', 988), (89, 'Emergence_Patient', 1050), (83, 'Emergence_Patient', 1187)]"
972.0,4,"[(73, 'Emergence_Patient', 988), (89, 'Emergence_Patient', 1050), (83, 'Emergence_Patient', 1187), (92, 'Emergence_Patient', 1158)]"
972.0,4,"[(73, 'Emergence_Patient', 988), (89, 'Emergence_Patient', 1050), (83, 'Emergence_Patient', 1187), (92, 'Emergence_Patient', 1158)]"
972.6,3,"[(73, 'Emergence_Patient', 988), (89, 'Emergence_Patient', 1050), (83, 'Emergence_Patient', 1187)]"
973.0,3,"[(73, 'Emergence_Patient', 988), (89, 'Emergence_Patient', 1050), (83, 'Emergence_Patient', 1187)]"
974.0,3,"[(73, 'Emergence_Patient', 988), (89, 'Emergence_Patient', 1050), (83, 'Emergence_Patient', 1187)]"
975.0,3,"[(73, 'Emergence_Patient', 988), (89, 'Emergence_Patient', 1050), (83, 'Emergence_Patient', 1187)]"
976.0,3,"[(73, 'Emergence_Patient', 988), (89, 'Emergence_Patient', 1050), (83, 'Emergence_Patient', 1187)]"
977.0,3,"[(73, 'Emergence_Patient', 988), (89, 'Emergence_Patient', 1050), (83, 'Emergence_Patient', 1187)]"
978.0,3,"[(73, 'Emergence_Patient', 988), (89, 'Emergence_Patient', 1050), (83, 'Emergence_Patient', 1187)]"
979.0,3,"[(73, 'Emergence_Patient', 988), (89, 'Emergence_Patient', 1050), (83, 'Emergence_Patient', 1187)]"
980.0,4,"[(73, 'Emergence_Patient', 988), (89, 'Emergence_Patient', 1050), (83, 'Emergence_Patient', 1187), (93, 'Naive_Patient', inf)]"
980.0,4,"[(73, 'Emergence_Patient', 988), (89, 'Emergence_Patient', 1050), (83, 'Emergence_Patient', 1187), (93, 'Naive_Patient', inf)]"
981.0,4,"[(73, 'Emergence_Patient', 988), (89, 'Emergence_Patient', 1050), (83, 'Emergence_Patient', 1187), (93, 'Naive_Patient', inf)]"
982.0,4,"[(73, 'Emergence_Patient', 988), (89, 'Emergence_Patient', 1050), (83, 'Emergence_Patient', 1187), (93, 'Naive_Patient', inf)]"
983.0,4,"[(73, 'Emergence_Patient', 988), (89, 'Emergence_Patient', 1050), (83, 'Emergence_Patient', 1187), (93, 'Naive_Patient', inf)]"
984.0,4,"[(73, 'Emergence_Patient', 988), (89, 'Emergence_Patient', 1050), (83, 'Emergence_Patient', 1187), (93, 'Naive_Patient', inf)]"
984.4,3,"[(73, 'Emergence_Patient', 988), (89, 'Emergence_Patient', 1050), (83, 'Emergence_Patient', 1187)]"
985.0,3,"[(73, 'Emergence_Patient', 988), (89, 'Emergence_Patient', 1050), (83, 'Emergence_Patient', 1187)]"
986.0,3,"[(73, 'Emergence_Patient', 988), (89, 'Emergence_Patient', 1050), (83, 'Emergence_Patient', 1187)]"
987.0,3,"[(73, 'Emergence_Patient', 988), (89, 'Emergence_Patient', 1050), (83, 'Emergence_Patient', 1187)]"
988.0,3,"[(73, 'Emergence_Patient', 988), (89, 'Emergence_Patient', 1050), (83, 'Emergence_Patient', 1187)]"
989.0,2,"[(89, 'Emergence_Patient', 1050), (83, 'Emergence_Patient', 1187)]"
990.0,2,"[(89, 'Emergence_Patient', 1050), (83, 'Emergence_Patient', 1187)]"
991.0,3,"[(89, 'Emergence_Patient', 1050), (83, 'Emergence_Patient', 1187), (94, 'Naive_Patient', inf)]"
991.0,3,"[(89, 'Emergence_Patient', 1050), (83, 'Emergence_Patient', 1187), (94, 'Naive_Patient', inf)]"
992.0,3,"[(89, 'Emergence_Patient', 1050), (83, 'Emergence_Patient', 1187), (94, 'Naive_Patient', inf)]"
993.0,3,"[(89, 'Emergence_Patient', 1050), (83, 'Emergence_Patient', 1187), (94, 'Naive_Patient', inf)]"
994.0,3,"[(89, 'Emergence_Patient', 1050), (83, 'Emergence_Patient', 1187), (94, 'Naive_Patient', inf)]"
995.0,3,"[(89, 'Emergence_Patient', 1050), (83, 'Emergence_Patient', 1187), (94, 'Naive_Patient', inf)]"
995.8,2,"[(89, 'Emergence_Patient', 1050), (83, 'Emergence_Patient', 1187)]"
996.0,2,"[(89, 'Emergence_Patient', 1050), (83, 'Emergence_Patient', 1187)]"
997.0,2,"[(89, 'Emergence_Patient', 1050), (83, 'Emergence_Patient', 1187)]"
998.0,2,"[(89, 'Emergence_Patient', 1050), (83, 'Emergence_Patient', 1187)]"
999.0,2,"[(89, 'Emergence_Patient', 1050), (83, 'Emergence_Patient', 1187)]"
1000.0,0,[]
